"","Bacteroides_thetaiotaomicron","Faecalibacterium_prausnitzii","Bacteroides_fragilis","Fusicatenibacter_saccharivorans","Dorea_longicatena","Intestinimonas_butyriciproducens","Anaerostipes_hadrus","Collinsella_aerofaciens","Blautia_obeum","_Clostridium__scindens","Alistipes_finegoldii","Dielma_fastidiosa","Eubacterium_ramulus","Clostridium_paraputrificum","Bifidobacterium_bifidum","Bifidobacterium_breve","Bifidobacterium_animalis","Lactobacillus_acidophilus","Lactobacillus_gasseri"
"M0x10MCx1134",0.09769,4.30983,0.08576,1.51601,0.53996,0,0.65495,0.36745,1.10324,0,8.14016,0,0.03849,0,0,0,0,0,0
"M0x10MCx1140",0,8.5411,0.59184,3.35859,0.95969,0.06427,0.1768,1.76827,0.49625,0,0,0,0.37952,0,0,0,0.01704,0,0
"M0x10MCx1146",0.81508,7.99826,0,0.56597,0.39567,0.02199,0.71789,0.07988,0.00125,0,0.07012,0,0,0,0,0,0,0,0
"M0x10MCx1150",2.13914,6.47639,0.04491,0.43485,0.20637,0.00571,0.22709,0.09406,0.06133,0,0.0244,0.01879,0,0,0.30656,0,0,0,0
"M0x10MCx1162",1.53852,8.34204,3.04781,0.81303,0.33144,0.27966,0.15751,0.33871,0.1394,0,3.21293,0,0.10224,0,0,0,0,0,0
"M0x10MCx1171",0,5.33852,0.0146,0.28316,0.31476,0.00619,0.58821,1.55665,0.05994,0,0.12325,0,0.04619,0,0.54093,0,0,0,0
"M0x10MCx1176",0.16598,6.59373,0.00377,4.13243,0.42504,0.19796,0.72419,0.19966,0.18132,0,0.58427,0,0.1736,0,0,0,0,0,0
"M0x10MCx1206",2.7824,9.24612,0,0.48223,0.28663,0,0.46951,0.16019,0.22074,0,0.46018,0.00977,0.20059,0,0,0,0,0,0
"M0x10MCx1219",0.98528,1.10279,0.10049,0,0.94581,0,0.0058,0,0,0,0,0,0,0,2.85961,0.58442,0,0,0.03341
"M0x10MCx1225",1.52375,11.27951,0.15339,1.01802,0.07188,0.02784,0.7772,0,0.04464,0,0,0.01818,0.08617,0,0.65169,0,0,0,0
"M0x10MCx1254",0.43636,1.40378,0,0.73706,0.35654,0.01205,0.5305,0.4666,0.01601,0,0.00185,0,0.04694,0,0,0,0,0,0
"M0x10MCx1268",0,8.10138,0,0.32179,0.18372,0.006,0.0055,1.3485,0.04294,0,0.00322,0.02441,0.00463,0,0.1763,0,0.0212,0,0
"M0x10MCx1272",0.18307,0,0.00275,0.01169,0.07007,0,0.00225,0.23564,0,0,0.00138,0,0.00134,0.00174,0.23445,0,0,0,0.00331
"M0x10MCx1287",0.25609,3.31079,0,0.26218,0.21801,0.01198,0.07817,0.37471,0.02508,0,0.21333,0,0.02905,0,0.14533,0,0,0,0
"M0x10MCx1310",1.10633,6.70014,0.20149,0.09205,0.23851,0.03359,0.04034,1.00241,0.05528,0,0.503,0,0.04155,0,0.22916,0,0.01276,0,0
"M0x10MCx1315",0.41048,6.93513,0.03348,0.26822,0.54661,0,0.08268,0.56438,0.12364,0,0.10491,0,0.01409,0,0.53946,0,0,0,0
"M0x10MCx1343",5.7439,0,2.2579,0.54977,0.12092,0,1.22459,0,0.08734,0,0.17793,0,0.02959,0,0,0.02363,0,0,0
"M0x10MCx1350",0.17385,13.19115,0,0.35566,0.25467,0,1.38449,0.52908,0.00254,0,0.00497,0,0.09946,0,0,0,0,0,0
"M0x10MCx1388",0.56287,7.54403,1.80774,0.3439,0.44299,0.0485,0.02089,0.28721,0.17118,0,0.07349,0,0.02461,0,0.42845,0,0,0,0
"M0x10MCx1390",1.38841,3.99549,7.52669,0,0.20996,0,1.86266,0.56625,0,0,0,0.01517,0.0203,0,0,0,0,0,0
"M0x10MCx1396",0.88353,7.00075,0.86269,0.32284,0.18105,0.01674,0.37137,0.41629,0.09449,0,0.05434,0,0.03594,0.01089,0.01802,0,0,0,0
"M0x10MCx1412",1.24339,4.55567,1.63235,0.28702,0.1484,0.0268,0.38567,0,0.02243,0,0,0,0.06895,0,0,0,0,0,0
"M0x10MCx1418",0,1.52223,0.01094,0.01688,0.05871,0,0.04709,0.37101,0,0,0,0,0,0,0,0,0,0,0
"M0x10MCx1436",0.19019,5.32738,0,0.71518,0.33292,0,0.01365,0.0516,0.0298,0,1.92304,0.00089,0,0,0.52162,0,0,0,0
"M0x10MCx1439",0.12823,2.98344,0,0.1711,0.06363,0.01725,0.0497,0.09776,0.04621,0,0,0,0,0,0,0,0,0,0
"M0x10MCx1441",0.15521,11.4359,0.00756,0.50164,0.30154,0,0.28989,0.49124,0.0213,0,0.28947,0,0.03387,0,0,0,0,0,0
"M0x10MCx1453",0.22662,5.67366,0.15005,1.1818,0.64224,0.02224,0.1732,0.33946,0.3262,0,0.05696,0,0.02863,0,0,0,0,0,0
"M0x10MCx1458",1.42751,2.23686,0.98855,0.46281,1.80743,0,0.06163,0.68023,0.08378,0,0,0,0.49234,0,1.13361,0,0,0,0
"M0x10MCx1460",0.12556,1.93122,0,0.01972,0.10332,0,0.21025,0.44965,0,0,0,0,0.00664,0,0.25604,0,0,0,0
"M0x10MCx1465",0.05457,11.9986,0.01396,1.5009,0.30891,0.00079,1.23465,1.85148,0.25312,0,0.04649,0,0.02935,0,1.492,0,0,0,0
"M0x10MCx1472",0.00575,2.68764,0,0.14338,0.12869,0,0.06829,0.67078,0.06139,0,0,0,0.07051,0,0,0,0,0,0
"M0x10MCx1483",0.14579,6.12263,0.23612,1.74472,0.32911,0,0.16445,1.11777,0.05889,0,7.52421,0,0.00509,0,0.93327,0,0,0,0.16253
"M0x10MCx1491",0,6.62659,0,0.62726,0.14277,0.07347,0.55351,0.50322,0.12457,0,0.43494,0.01262,0.04941,0,0.88289,0,0,0,0
"M0x10MCx1493",1.77757,7.43723,0.1384,1.58536,0.67348,0,0.05555,0.22622,0.05091,0,0.64167,0,0.106,0,0,0,0,0,0
"M0x10MCx1505",0.78908,14.05123,0,3.44265,0.74441,0,0.30197,1.14207,0.21042,0,0.05354,0,0.17802,0,0,0,0,0,0
"M0x10MCx1510",0.41369,8.71551,0.03728,1.28151,0.19414,0.09033,0.57244,0.15744,0.18454,0,0.0112,0.00598,0,0,0,0,0,0,0
"M0x10MCx1518",0.00927,1.68718,0,0.14754,0.40926,0,0.04044,0.15319,0.03444,0,0.03752,0,0.05934,0,0,0,0,0,0
"M0x10MCx1523",0.49879,5.62036,0.09733,0.28782,0.13968,0,0.02583,0.19883,0.00684,0,0,0.002,0,0,0.17311,0,0,0,0
"M0x10MCx1529",0,5.83064,0.11383,0.5778,0.08359,0,0.07641,0.46611,0.06719,0,0.85907,0,0.07959,0,0,0,0,0,0
"M0x10MCx1531",0.418,1.26118,0.07121,1.57975,0.17329,0,0,0,0,0,0.60874,0,0,0,0,0.0769,0,0,0
"M0x10MCx1541",1.09074,2.54358,7.44697,0.50305,0.39835,0.00727,0.56552,0,0.09211,0,0.25085,0,0.05033,0,0,0,0.00751,0,0
"M0x10MCx1546",25.7987,0.41365,0.0478,0,0,0,0,0,0,0,0,0.1121,0,0,0,0,0,0,0
"M0x10MCx1548",0.1096,4.5056,0,0.12266,0.26571,0.0014,0.07177,0,0.00758,0,0.0017,0,0.00106,0,0,0,0.00307,0,0
"M0x10MCx1563",0.37857,8.93289,0.19776,0.36884,0.72098,0,0.56733,0.36541,0.18474,0,9.34752,0,0.06207,0,0.83136,0,0,0,0
"M0x10MCx1568",1.79727,4.57483,0,2.79895,0.14355,0,0.39882,0,0.01751,0,0.06028,0.01574,0,0,0,0,0,0,0
"M0x10MCx1574",0.79542,0.02588,0.29759,0.14685,0.29439,0,0.05425,0,0.06356,0,0,0,0.02137,0,0,0,0,0,0
"M0x10MCx1581",0,3.75749,0,0.29113,0.2096,0,0.01649,0.36685,0.04021,0,0.01911,0,0.02422,0,0.00218,0,0,0,0
"M0x10MCx1585",0.50788,9.78018,0.0143,0.40329,0.15343,0,0.20875,2.35773,0.16538,0,0.00612,0,0.03896,0,0,0,0,0,0
"M0x10MCx1624",1.47599,4.40521,0,1.05036,1.12633,0.01755,0.75532,0.41038,0.16995,0,0,0,0.17148,0,0.33561,0,0.001,0,0
"M0x10MCx1667",0.02371,8.09354,0,3.03951,0.30716,0,0.07647,0.13664,0.05302,0,0.16085,0,0.03132,0,0,0,0,0,0
"M0x10MCx1680",0.17538,20.8099,0,0.92951,0.24839,0,0.08317,0.87059,0.03198,0,0.06499,0,0.00312,0,0.48628,0,0,0,0
"M0x10MCx1681",0.85479,5.47566,0,1.20841,0.40573,0.06281,0.11545,0.82087,0.5676,0,0.69444,0,0.02542,0,0.25235,0,0,0,0
"M0x10MCx1694",0,4.40438,0,0.77677,0.20582,0.01248,0.29505,0.4264,0.01098,0,0.01179,0,0.06002,0,0,0,0.00639,0,0
"M0x10MCx1702",1.34525,6.91991,0.40603,0.75883,0.27388,0.07044,0.22562,0.12584,0.0158,0,0.29818,0,0.03051,0,0.83859,0,0,0,0
"M0x10MCx1727",0.88356,5.69976,0,0.17721,0.19401,0.48145,0.16321,0.48244,0.18899,0,0.96696,0,0,0,0,0,0,0,0
"M0x10MCx1737",1.78595,9.54748,1.96812,1.39026,0.22793,0.01149,0.27025,1.17826,0.19004,0,0.08732,0,0.04753,0,0,0,0.10449,0,0
"M0x10MCx1745",2.74912,7.40652,1.18121,2.6052,0.28855,0.00942,0.42052,0.28354,0.07367,0,0.16452,0,0.0392,0,0.45139,0,0.03759,0,0
"M0x10MCx1746",0,18.83377,0,2.22338,0.79979,0,1.24761,1.96396,0.50556,0,0.47183,0,0.43486,0,1.90701,0,0,0,0
"M0x10MCx1755",2.90111,15.42251,0,0.72576,0.32399,0.06994,0.57471,0.2788,0.26465,0,0.10352,0,0.05044,0,0,0,0,0,0
"M0x10MCx1773",0.09889,10.53953,0.12812,0.0837,0.4253,0,0.13187,1.63256,0.47586,0,0.00791,0,0.21381,0,2.88271,0,0,0,0
"M0x10MCx1800",0.53038,5.16562,0.04252,0.91021,0.84115,0,0.19644,1.60297,0.11963,0,0.17507,0,0.00425,0,1.11396,0,0,0,0
"M0x10MCx1805",1.38426,12.14629,2.67844,1.75576,0.11588,0.19205,1.07481,0.1842,0.04051,0,7.7154,0,0.01704,0,0.4087,0.12846,0.04233,0,0
"M0x10MCx1806",0.21608,10.53291,0,0.1511,0.20012,0.01921,0.0184,0.0876,0.2423,0,1.3235,0,0.01034,0,0,0,0,0,0
"M0x10MCx1810",0,5.44759,0,0.37717,0.09559,0.09939,0.10669,0.21073,0.04468,0,0,0,0.00624,0,0.16787,0,0,0,0
"M0x10MCx1811",2.18648,2.59062,0,0.49011,0.67877,0.0573,0.26325,0.06703,0.09056,0,0.16939,0,0.03442,0,0.09101,0,0.11842,0,0
"M0x10MCx1814",0.87355,3.36796,0.32329,0.69831,0.31723,0.00128,0.2426,0.35255,0.37304,0,1.49712,0,0.07452,0,0.18449,0,0.03534,0,0
"M0x10MCx1823",0.09338,10.09843,0,1.90319,0.4845,0.07432,1.03471,0,1.47272,0,0,0,0.06339,0,0,0,0,0,0
"M0x10MCx1841",0.10919,3.4691,0.5955,3.16077,1.38151,0.19082,0.14375,0.42246,0.38257,0,2.85078,0,0.04463,0,0.09322,0,0.14105,0,0
"M0x10MCx1844",0.6395,7.18297,0,0.59648,0.82809,0,0.15596,0,0,0,0.38986,0,0,0,0,0,0,0,0
"M0x10MCx1847",0.39733,0.05539,3.28649,0.72705,0.11336,0.0752,0.23182,1.78758,0.1015,0,0,0.00366,0,0,0.56099,0,0,0,0
"M0x10MCx1853",0.47937,5.70324,0.74536,2.01053,0.23573,0,0.53134,0.22126,0.05881,0,0.244,0,0.00747,0,0,0,0,0,0
"M0x10MCx1857",0.07946,1.20096,0.68875,0.02939,0.48773,0,0,1.6266,0.02283,0,0.19462,0,0.02725,0,0,0,0,0,0
"M0x10MCx1865",0.08863,3.39427,0,0.08275,0.15459,0,0.02981,0.35945,0.03318,0,0.0692,0,0.01544,0,0.57082,0,0,0,0
"M0x10MCx1875",0.64912,7.96848,0,3.48321,0.34906,0,0.49042,0.71333,0.18456,0,0,0.00945,0.21881,0,0,0,0,0,0
"M0x10MCx1876",0.05374,4.12866,0,0.2005,0.12042,0,0.07707,0.33654,0.02243,0,0,0,0,0,0,0,0,0,0
"M0x10MCx1880",0.35921,6.7843,0,1.23924,0.19584,0,0.42077,0.79676,0.02493,0,0.00322,0,0.07537,0,0.38904,0,0,0,0
"M0x10MCx1888",1.27444,1.77485,0,1.03893,0.51173,0.00826,0.67547,0,0,0,0.18426,0,0,0,0,0,0,0,0
"M0x10MCx1896",0.69054,0,0,5.4997,0,0.41179,0,0,0,0,0,0,0.00952,0,0,0,0,0,0
"M0x10MCx1900",0.22059,2.71272,0,0.85625,0.63767,0.0203,0.09636,0.53306,0.36694,0,0.31297,0,0.00513,0,0,0,0.03046,0,0
"M0x10MCx1904",0,3.83861,0,0.80972,0.35139,0,0.22424,0.31828,0.05362,0,0.14593,0.02477,0,0,0,0,0.01697,0,0
"M0x10MCx1928",0.33942,10.13617,0,1.24558,1.38665,0,0.81659,0,0.21837,0,0.13149,0,0,0,0.34501,0,0,0,0
"M0x10MCx1936",1.54234,4.34258,0,0.71939,0.20207,0.0242,0.1005,0.33918,0.12347,0,0.59866,0,0.03004,0,0.34444,0,0,0,0
"M0x10MCx1944",0.08157,4.426,0,0.06763,0.07938,0,0.00273,0.22571,0.02942,0,0.03411,0,0.00966,0,0.24781,0,0,0,0
"M0x10MCx1951",0,3.11086,1.36626,1.96544,0.14555,0,0.59956,0,0.00728,0,0.46367,0,0.05455,0,0,0,0,0,0
"M0x10MCx1971",0.62168,0,2.74104,0,0.57318,0,0.96248,1.84365,0,0,0,0,0,0,0,0.00229,0,0,0
"M0x10MCx1985",5.23754,2.39929,0,0.83978,0.10942,0.18768,0.52261,0,0.02788,0,0,0.00826,0.06628,0,0,0,0.00509,0,0
"M0x10MCx1992",1.32173,6.23346,0,0,0.31994,0.02008,1.11607,0.5005,0.01008,0,0.08471,0,0,0,0.30887,0,0,0,0
"M0x10MCx2026",0.14599,2.0307,0,0.03936,0.0706,0,0.01016,0.12291,0.0238,0,0.00062,0,0.01496,0,0.07337,0,0,0,0
"M0x10MCx2058",0.11195,20.20316,0.85036,1.62109,0.4846,0,0.82849,1.59882,0.23822,0,0.11447,0,0.13825,0,0,0,0,0,0
"M0x10MCx2066",3.69978,3.56721,0,0.54275,0.79186,0,0.07894,0.2424,0,0,0.23083,0.00105,0.1457,0,0,0,0,0,0
"M0x10MCx2068",0,0,7.36194,0.02044,0,0,6.79795,0,0,0,0,0,0,0,0,0,0,0,0
"M0x10MCx2069",0.09017,5.61513,0,0.29729,0.2395,0,0.00378,0.3507,0.0973,0,0.00203,0,0.00172,0,0.12448,0,0,0,0
"M0x10MCx2077",1.82215,0.51877,0.33984,1.25683,0.37091,0,0.15368,0.74343,0.01831,0,0,0,0,0,0.32913,0,0,0,0.01559
"M0x10MCx2095",2.39171,9.73676,0.79027,1.21655,0.47113,0.08128,0.19912,0.2044,0.26044,0,0.14836,0,0.02719,0,0,0,0,0,0
"M0x10MCx2097",0,2.81645,0,0.23218,0.31474,0,0.08532,0.76795,0.08745,0,0.40497,0,0.03796,0,0.21203,0,0,0,0
"M0x10MCx2112",0.83151,22.52066,0,0,0.05333,0,0,0.73066,0,0,0,0,0,0,0,0,0,0,0
"M0x10MCx2113",1.51079,13.79423,0,0.19819,0.16661,0,0.17067,0.28661,0.0666,0,0.00494,0,0.09511,0,0,0,0,0,0
"M0x10MCx2122",0.55311,0,0.59418,0.07897,0.18227,0,0.04646,0.26791,0,0,0,0,0,0,0,0,0,0,0
"M0x10MCx2139",4.23729,11.87307,0,0.11006,0.31209,0.01057,0.26678,0.24335,0.3023,0,0.53559,0,0.08423,0,0,0,0,0,0
"M0x10MCx2148",0.21949,11.77479,0.49607,1.17144,0,0,0.59895,0.88141,0.24742,0,0,0,0.33285,0,0,0,0,0,0
"M0x10MCx2152",0.60236,11.85143,5.17627,0,0.02506,0.03544,0.16141,0.89607,0.03124,0,2.34869,0.00654,0,0,0.21431,0.15835,0,0,0
"M0x10MCx2155",0.05296,10.07656,0.02976,1.58853,0.62261,0,0.68511,1.28638,0.11976,0,0.04696,0,0.15864,0.00069,2.20293,0,0,0,0
"M0x10MCx2172",0.69338,3.81645,0,0.85733,0.69461,0,0.31715,1.77057,0.12863,0,1.51268,0.02069,0.07573,0,0.81622,0,0,0,0
"M0x10MCx2200",16.37669,0.1641,23.9325,0,0,0,1.76577,0,0,0,0,0,0,0,0,0,0,0,0
"M0x10MCx2213",0,5.54186,0,1.37303,0.31375,0,2.44335,0,0.21639,0.00166,0,0,0,0,0,0,0,0,0
"M0x10MCx2246",0.78346,9.87507,0.02926,0.88122,0.29671,0.09445,0.21039,0.39265,0.27558,0,3.0203,0,0.04187,0,0,0,0,0,0
"M0x10MCx2262",0.57327,12.17826,0.68831,2.4792,0.34216,0,0.11891,0.33121,0.05686,0,0.58937,0,0.02468,0,0,0,0,0,0
"M0x10MCx2267",1.05034,1.784,0.95895,0.19343,0.15166,0.02484,0.02402,0.31651,0.04732,0,0,0,0.05471,0,0,0,0,0,0
"M0x10MCx2275",0.9324,10.60414,0,1.03544,0.23136,0.00161,0.07088,0.67721,0.06363,0,0.18429,0,0.05324,0,0,0,0,0,0
"M0x10MCx2277",3.66998,5.86495,0.13663,0.78038,0.11782,0.02206,0.17133,0.37419,0.18734,0,6.20241,0,0.02857,0,0,0,0,0,0
"M0x10MCx2278",0,9.00721,1.50287,1.85491,0,0.0757,1.5206,0,3.60378,0.01084,0.97098,0,0,0,0,0,0,0,0
"M0x10MCx2284",0,13.99011,1.5913,0.26613,0.08837,0.03974,0.31306,0.83966,0.09405,0,1.52863,0.00432,0,0,0,0,0,0,0
"M0x10MCx2293",1.27784,17.51589,0.2183,1.99726,0.48277,0.10137,0.83354,0,0.04606,0,1.95673,0,0.18588,0,1.04435,0,0,0,0
"M0x10MCx2294",0,0.9882,7.60673,0,0,0,0.9533,0,0.03365,0,0.02855,0,0.41452,0,0,0,0,0,0
"M0x10MCx2301",1.17846,1.32884,0,0.6168,1.16423,0.10388,0.00515,1.30665,0.05474,0,1.31092,0,0.0395,0,0,0,0,0,0
"M0x10MCx2336",1.06283,8.37903,4.04089,0.8976,0,0,0.62726,0,0.00495,0,0.25457,0,0,0,0,0,0,0,0
"M0x10MCx2340",0.09065,6.7924,1.40812,0.68002,0.15677,0,0.15719,0.44651,0.0365,0,0.45419,0,0.0476,0,0.10471,0,0,0,0
"M0x10MCx2341",0.79721,2.8673,0.5742,0.66017,0,0,0.21526,0,0.00789,0.0028,1.6803,0,0.11349,0,0.18817,0,0,0,0
"M0x10MCx2360",1.82397,11.44928,1.3156,0.88454,0.39012,0.00858,0.70913,0.81263,0.16853,0,0.12637,0.0089,0.03307,0,0,0,0,0,0
"M0x10MCx2378",2.27555,3.23528,0,0.16057,0.15611,0.00103,0.07183,0.19996,0.05768,0,0,0,0,0,0.46925,0,0,0,0
"M0x10MCx2384",0.06045,2.43967,0,2.02018,0.34004,0,0.33557,1.3043,0.0156,0,0.24292,0,0,0,1.4156,0,0,0,0
"M0x10MCx2386",1.40229,3.39831,0,0.43656,0.28287,0.04646,0.21689,0.34513,0.12742,0,0.21115,0,0.01103,0,0.30523,0,0,0,0
"M0x10MCx2392",0.90685,13.60883,0.05715,0.47575,0.45595,0.00906,0.45443,0.69628,0.14162,0,0.38939,0,0.18496,0,0,0,0,0,0
"M0x10MCx2405",0.00441,3.61024,0,0.08735,0.01513,0,0.07732,0.24002,0.0045,0,0.02229,0,0.01622,0,0.10798,0,0,0,0
"M0x10MCx2406",3.00914,5.71906,0,0.8553,0.28704,0.12073,0.31793,0,0.07399,0,0.00049,0,0,0,0,0,0,0,0
"M0x10MCx2407",0.0016,1.24609,0.09548,0.06773,0.21096,0,0.00562,0.48325,0.0242,0,0.26083,0,0.02038,0,0,0,0,0,0
"M0x10MCx2408",0.65534,3.3859,1.44469,1.20059,0.60556,0.04667,0.47623,0.00532,0.30529,0,0.72702,0,0.21011,0,0.2606,0.00482,0,0,0
"M0x10MCx2409",0.14867,2.79752,0.67344,1.77426,0,0.16018,0.43721,0,0,0.01628,0.46633,0.02013,0,0,1.2468,0,0,0,0
"M0x10MCx2411",0.03178,14.80388,0,0.56638,0.15448,0,0.13991,0,0.243,0,0.05166,0,0,0,0,0,0,0,0
"M0x10MCx2417",0.07938,1.26629,0,0.12323,0.11313,0,0.0257,0.74001,0.02095,0,0.03775,0,0.01545,0,0.16632,0,0,0,0
"M0x10MCx2424",0.66161,6.78883,0,0.68107,0.27914,0,0.86953,0,0.05008,0,0.02976,0,0.17353,0,0,0,0,0,0
"M0x10MCx2433",0.9886,1.49732,0,0.70494,0,0,0.39806,0,0,0,0,0,0.31475,0,0,0,0.59903,0,0
"M0x10MCx2441",2.18163,0.14388,0,0.74222,0.69884,0.07799,0.46263,0,0.10836,0,0,0,0.66328,0,0,0,0,0,0
"M0x10MCx2443",0,5.118,3.06412,0.0901,0.34364,0.39994,0.28505,0.56396,0.22031,0,4.42259,0.00303,0.08519,0,0,0,0,0,0
"M0x10MCx2444",0.01715,5.98758,0.20547,0.75465,0.08973,0.00307,0.3972,0.13888,0.08444,0,1.45916,0,0.04307,0,0,0,0,0,0
"M0x10MCx2448",1.81989,5.71025,0.0884,1.10275,0.14888,0,0.21175,0.59204,0.03062,0,0.06439,0,0.16325,0,0.53392,0,0,0,0
"M0x10MCx2460",1.915,3.07436,0,0.12333,0.11733,0.02075,0.01427,0.09386,0.0351,0,0.46954,0,0.0754,0,0,0,0,0,0
"M0x10MCx2470",0.11608,8.9229,0,0.58424,0,0.03267,0.14747,0.3353,0.23105,0,0.41258,0.00871,0.08478,0,0.0589,0,0,0,0
"M0x10MCx2474",0.60667,1.791,0.00161,0.13867,0.17893,0,0.02899,0.69886,0.05653,0,0.04486,0,0.01038,0,0.49277,0.00486,0,0,0
"M0x10MCx2492",0.28315,6.53537,1.5639,1.31486,1.21608,0,0.85458,0,0.12315,0,0,0,0.19293,0,0,0,0,0,0
"M0x10MCx2502",0.27819,2.3291,0.01046,1.85512,0.50382,0.0165,0.46771,0.84686,0.05177,0,0.06245,0,0.05231,0,0,0,0,0,0
"M0x10MCx2507",1.15802,0,0,0,0,0,0.55965,0,0,0,0,0,0,0,0,0,0,0,0
"M0x10MCx2520",0.60913,4.65468,0.50717,2.1635,0.41744,0,0.19352,0.72817,0.02727,0,0.04711,0,0.09923,0,0,0,0.00062,0,0
"M0x10MCx2523",0,0.12539,1.0844,0.87576,0.21547,0.00219,1.2097,0.59239,0.04535,0,0,0,0.00087,0,0,0,0,0,0
"M0x10MCx2527",0.02978,3.74013,0.80765,2.18066,0.13777,0.01356,0.20523,0,0.0613,0,0.20314,0,0,0,0,0,0,0,0
"M0x10MCx2541",0,0.69564,0,0.91595,1.02201,0,0.64095,1.40559,0,0,0,0,0.44788,0,1.2336,0,0.00563,0,0
"M0x10MCx2550",0,12.72501,0,2.71518,0.45529,0.00854,0.95875,0,0.19556,0,0.04371,0,0.10984,0,0,0,0,0,0
"M0x10MCx2585",1.06173,15.11453,0,0,0.70485,0,0.85949,0,0.0252,0,1.28312,0,0,0,0,0,0,0,0
"M0x10MCx2594",0.22396,4.98909,0,1.7382,0.47971,0,0.04739,0.73788,0.05037,0,0.10412,0,0.12583,0,0,0,0,0,0
"M0x10MCx2602",0,9.63967,0.24047,0.09773,0.40114,0.42352,0.48445,0.32718,0.36411,0,0.17118,0,0.10009,0,0,0,0,0,0
"M0x10MCx2613",5.0825,0,0.02098,0,0,0.08364,0.39991,0,0,0,0.01809,0.09973,0,0,0,0,0,0,0
"M0x10MCx2630",1.37178,6.89851,0,0.30006,1.68388,0,0.05678,1.07515,0.14229,0,0.76129,0,0.1377,0,1.8189,0,0,0,0
"M0x10MCx2637",0,5.75341,0.11324,0.7154,0.28713,0,0.77053,0,0.07847,0.00101,0,0.14112,0,0,0.03327,0.16974,0,0,0
"M0x10MCx2639",0.40313,2.82917,0,0.5764,0.03413,0.0035,0.05395,0.35661,0,0,1.29978,0,0.02467,0,0,0,0,0,0
"M0x10MCx2647",0.23127,1.98216,0.66851,0.37222,0.31837,0.06656,0.01383,0.8326,0.27519,0,0.39925,0,0.04088,0,0,0,0.27279,0,0
"M0x10MCx2666",3.1586,9.0611,0.1764,1.36019,1.12239,0.09331,0.83852,1.73566,0.12379,0,0.00396,0.06251,0.58645,0,1.94785,0,0.02103,0,0
"M0x10MCx2668",2.88757,5.06817,0.03023,0.84583,0.20538,0.01305,0.29284,0.34451,0.14186,0,0.12173,0.00691,0.04196,0,0,0,0,0,0
"M0x10MCx2686",2.32355,0,1.18216,0.38386,0.0709,0.17407,0.64222,0,0.13544,0,0.51742,0,0,0,0,0,0,0,0
"M0x10MCx2691",0.62161,6.07037,0.21406,0.21916,0.38777,0.00167,0.05677,0.67485,0.15219,0,0.04516,0,0.00523,0,0,0,0,0,0
"M0x10MCx2692",1.00618,1.97729,0,0.76234,0.46143,0,0.40371,0.25598,0.14598,0,0.12794,0,0,0,0,0,0,0,0
"M0x10MCx2706",0.16696,7.48245,0.19014,0.17242,0.22526,0,0,0.15344,0.11976,0,0.01695,0.00073,0.215,0,0,0,0,0,0
"M0x10MCx2722",0.27988,6.67824,0.09119,0.54622,0.13338,0.03585,0.30148,0.12864,0.00747,0,1.65443,0,0.16611,0,0,0,0,0,0
"M0x10MCx2730",0.38175,7.99201,0,1.13265,1.81548,0.01304,0.24096,0.35462,0.18931,0,1.19587,0.01821,0.04368,0,0,0,0,0,0
"M0x10MCx2747",0.02356,5.53228,0,0.10775,0.06302,0,0.05156,0.18843,0.02321,0,0,0,0.01071,0,0.05391,0,0,0,0
"M0x10MCx2758",2.44484,9.57029,0.34741,1.63336,0.58079,0.00617,0.51454,0.1463,0.04308,0,7.44092,0,0.06768,0,0,0,0,0,0
"M0x10MCx2769",1.08935,3.06496,0,0.1103,0.27714,0.02899,0.01256,0.12449,0.09299,0,0.05236,0,0.09491,0,0,0,0,0,0
"M0x10MCx2772",0.35151,7.07123,0,0.23117,0.47839,0.173,1.09347,0.95051,0.49007,0,0.02112,0,0.13218,0,0,0,0,0,0
"M0x10MCx2779",0.07188,5.0054,0.07679,0.28668,0.25864,0,0.02221,0.31715,0.02298,0,0,0,0.00885,0,0.04524,0,0.26262,0,0
"M0x10MCx2829",0.00687,2.49041,0,0.17242,0.16104,0,0.21459,0.31268,0.01996,0,0,0,0.03756,0,0,0,0,0,0
"M0x10MCx2839",0.12069,20.90296,0,2.34863,0.05784,0,0.86893,0.85272,0.07549,0,0,0,0.07565,0,1.13348,0,0,0,0
"M0x10MCx2852",8.12945,2.73353,0,1.26074,0.5205,0,0.19756,4.07983,0.47825,0,0.02251,0,0.19609,0,0,0,0,0,0
"M0x10MCx2860",1.1686,4.53694,0,4.89076,0.32916,0.08954,0.20097,0.66457,0.55339,0,1.05066,0,0.95939,0,0,0,0,0,0
"M0x10MCx2862",0,5.80821,0,0.34352,0.40526,0.00839,0.14008,0.62277,0.0461,0,0,0,0.10277,0,0,0,0.66344,0,0
"M0x10MCx2873",0,3.91415,13.8911,0.7657,0.15134,0,0.61629,0,0.42753,0,0,0.04629,0,0,0,0,0,0,0
"M0x10MCx2883",0,5.9167,0,0.12536,0.00088,0,0.13215,0,0.01208,0,0.00033,0,0.00963,0,0,0,0.01032,0,0
"M0x10MCx2891",0,7.15809,0,1.79519,0.23321,0.02424,2.80292,0,0.33785,0,0,0,0.05308,0,0,0,0.01989,0,0
"M0x10MCx2892",0.00079,3.40505,2.3453,1.36021,0.53848,0,0.22668,0.05289,0.04381,0,0,0,0.019,0,0,0,0,0,0
"M0x10MCx2907",0.36568,9.73951,0.0591,1.05054,0.50594,0.00308,1.74289,0,0.0274,0,0.00351,0,0.04717,0,0.49252,0,0,0,0
"M0x10MCx2939",0.13549,2.88947,0,0.45722,0.28774,0.00152,0.04503,0.51907,0.1137,0,0.84015,0,0.05031,0,0.39173,0,0,0,0
"M0x10MCx2942",0.15431,8.22478,0,0.96285,0.66293,0.45368,0.32778,1.97999,0.45987,0,1.44354,0,0,0,0.32273,0,0,0,0
"M0x10MCx2989",0.15466,2.55183,0,0.29534,0.4268,0.0308,0.20853,0.42289,0.11401,0,0.00553,0,0.18855,0,0.36819,0,0,0,0
"M0x10MCx3008",2.76953,2.38077,0,0,0,0,0,0,0,0,0,0,0,0,0,0.09566,0.76156,0,0
"M0x10MCx3012",1.17329,5.59747,0,0.77312,0.14342,0.00656,0.05115,0.33927,0.59415,0,3.65523,0,0.05946,0,0,0,0,0,0
"M0x10MCx3022",3.15822,7.81229,0,0.01042,0,0,0.36116,1.61604,0,0.01528,0.01636,0,0,0,1.23275,0.00747,0,0,0
"M0x10MCx3024",0.49965,2.74634,0.15912,0.0418,0.37925,0.05966,0.03899,1.01475,0.05335,0,0.16711,0,0.01481,0,0,0,0,0,0
"M0x10MCx3042",0.29256,6.31034,0,0.88946,0.5,0.03514,0.11109,1.12566,0.12044,0,0.88689,0,0.23732,0,0.47226,0,0.01143,0,0
"M0x10MCx3043",0.21308,6.12638,0,0.61831,0.39074,0.0218,0.0376,0.92804,0.05662,0,0.80069,0,0.06545,0,0,0,0,0,0
"M0x10MCx3060",0.05019,7.85205,0.63826,0.66892,0.32162,0.02614,0.28973,0,0.09989,0,0.36441,0.00047,0.01673,0,0.1911,0,0,0,0
"M0x10MCx3078",1.62934,4.1264,1.28605,3.31724,0.44729,0,0.19654,0,0.27823,0,0.82581,0,0,0,0,0,0,0,0
"M0x10MCx3085",0.17291,1.78589,0,0.02584,0.12045,0,0.00442,0.18061,0.00909,0,0.13271,0,0.00451,0,0,0,0,0,0
"M0x10MCx3101",0.29797,9.21909,0,1.24875,0.56592,0,0.13494,1.3456,0.0558,0,0.40163,0,0.04744,0,1.04696,0,0,0,0
"M0x10MCx3105",0.29503,3.7171,0.11728,0.50964,0.29964,0,0.01434,0.98569,0.1439,0,0.19584,0,0.0204,0,0.44713,0,0,0,0
"M0x10MCx3110",0.29388,13.12402,0,0.64439,0.37512,0,0.07005,0.05498,0.14087,0,0.74511,0,0.02488,0,0,0,0.00228,0.09186,0
"M0x10MCx3326",1.43062,0.6538,0.02567,0.01034,0.06577,0,0.0184,0.18705,0.00468,0,0.44722,0,0.03226,0,0,0,0,0,0
"M0x10MCx3354",0,9.68798,0,0.87862,0.97108,0,0.12836,0.44313,0.0474,0,0.01712,0.00869,0.02674,0,0.0865,0,0,0,0
"M0x10MCx3363",0.98354,4.22586,0,0.12708,0.28469,0.0062,0.10695,0.24988,0.05659,0,0.00171,0,0.02227,0,0,0,0,0,0
"M0x10MCx3395",0.12255,4.99042,0,0.40174,0.23629,0,0.16588,0.35539,0.05626,0,0.03275,0,0.00409,0,0.19821,0,0,0,0
"M0x10MCx3407",0.49045,2.75896,0,0.05907,0.10114,0,0.06164,0.21992,0.01543,0,0.13988,0,0.00717,0,0,0,0,0,0
"M0x11MCx3149",0.78979,6.76033,0,0,1.91717,0.22482,1.04415,2.24854,0.06125,0,1.37177,0,0.05534,0,0,0,0,0,0
"M0x13MCx1381",0.41278,6.41866,0.00069,1.18815,0,0.01829,0.43646,0.19119,0.00281,0,0,0,0.04779,0,0.40078,0,0,0,0
"M0x13MCx1398",2.0012,1.19937,0.03038,0.13836,0.36662,0,0.15186,1.00533,0.01515,0,3.04982,0,0.07656,0,0,0,0,0,0
"M0x13MCx1416",0.1099,2.26684,0,0.99339,0.52495,0.00472,0.03474,0.13858,0.05531,0,0.62341,0,0.01929,0,0,0,0,0,0
"M0x13MCx1553",1.1792,4.77714,0,0.10919,0.09345,0.0917,0.84481,0.52045,0.01283,0,1.19045,0,0.02426,0,0.24177,0,0,0,0
"M0x13MCx1598",0.69285,8.61025,0,0.71534,1.5306,0.06413,1.23133,0.50513,0.18113,0,0.02094,0,0.22352,0,0,0,0,0,0
"M0x13MCx1648",1.85568,1.28178,0.10296,3.6876,1.11426,0.01688,0.44592,0.41605,0.04218,0,2.92755,0,0.60426,0,0.23956,0,0,0,0
"M0x13MCx1655",0.35412,4.56369,0.58691,0.72252,0.21686,0,0.2727,0.34486,0.07724,0,1.56245,0,0.01756,0,0.32001,0,0,0,0
"M0x13MCx1818",0,8.80633,0,0.59512,0.0602,0,0.47263,1.11362,0.05814,0,0.00039,0,0.00669,0,0,0,0,0,0.03659
"M0x13MCx1991",0,10.70723,0,0.28548,0.11887,0.01306,0.3583,0.16156,0.18839,0,0.87677,0,0.01704,0,0,0,0,0,0
"M0x13MCx2005",0.85131,1.80712,0,0.10398,0.15562,0.11204,0.10506,0,0.01265,0,0.00034,0.01428,0,0,0,0,0,0,0
"M0x13MCx2033",0.26159,13.23876,0.52372,0.71254,0.13433,0.01255,0.2553,0.71919,0,0,0.01675,0,0.00861,0,0,0,0,0,0
"M0x13MCx2054",0.66533,8.61036,0.04641,0.55781,1.56951,0,0.46195,0.626,0.11014,0,0.11149,0,0.13492,0,0.87674,0,0,0,0
"M0x13MCx2159",0,7.17503,0,0.04901,0.17152,0,0.00301,0.34492,0.03134,0,0.01211,0,0,0,0,0,0,0,0
"M0x13MCx2217",0.00343,9.47915,0.69994,0.56329,0.27256,0.01019,0.23231,0.81214,0.02353,0,0.16939,0,0,0,0.61502,0,0,0,0
"M0x13MCx2238",0.02565,5.77538,0,0.62013,0.35885,0,0.05648,0.61261,0.00822,0,0,0,0.00681,0,0.54837,0,0,0,0
"M0x13MCx2252",0.00974,3.42978,0,0.24856,0.322,0.00956,0.42867,0.26029,0.34347,0,1.62276,0,0.05429,0,0,0,0,0,0
"M0x13MCx2273",0,2.99623,0.49678,1.52419,0.08285,0.13729,0.06767,0.86693,0.33176,0,3.61255,0.10845,0.06292,0,0,0,0.04291,0,0
"M0x13MCx2282",0.40561,6.24564,0,0.26074,0.15116,0,0.03627,0.07372,0.11059,0,0.64219,0,0.04477,0,0,0,0,0,0
"M0x13MCx2401",1.30663,9.74367,0,1.18091,0.25272,0.13885,0.20566,0,0.02124,0,0.02343,0,0.02867,0,0,0,0,0,0
"M0x13MCx2458",0.00136,0.22009,0,0.06653,0.08709,0,0.63579,0,0,0,0,0,0,0,0,0,0,0,0
"M0x13MCx2621",0,4.76794,0,0.94172,0.13591,0.00271,0.18602,0.63348,0.01448,0,0.02198,0,0.07073,0,0.17925,0,0,0,0
"M0x13MCx2625",0.58766,4.69789,0.31228,0.87835,0.96637,0.01017,0.28809,0,0,0,0.449,0,0.0646,0,0,0,0,0,0
"M0x13MCx2699",2.07459,13.68754,0,0.60527,0.23953,0,0.2359,0.69475,0.19704,0,3.19357,0,0.02321,0.01572,0.22582,0,0,0,0
"M0x13MCx2743",0,5.1426,0,0.05695,0.12139,0,0.00362,0.42899,0.00735,0,0.00078,0,0.00086,0,0.12824,0,0,0,0
"M0x13MCx2963",1.50357,7.89499,0,0,0,0,1.8564,0,0,0.00113,0,0.03641,0,0,0,0,0,0,0
"M0x13MCx2965",0.03421,5.16901,0,0.16164,0.35971,0,0.04761,0.68837,0.05979,0,0.1747,0,0.00269,0,0.08457,0,0.75085,0,0
"M0x13MCx3242",0.11918,5.93993,0,0.31448,0.08818,0,0,0.42099,0.06042,0,0,0,0.02184,0,0,0,0,0,0
"M0x13MCx3311",0.16864,6.04156,0.08547,1.22468,0.55011,0,0.35272,0.504,0.35807,0,0.05814,0,0.07718,0,0,0,0.1411,0,0
"M0x13MCx3383",0.07792,8.95522,0,0.50513,0.20315,0,0.67952,0.70911,0.14258,0,0.05085,0,0.0328,0,0,0,0,0,0
"M0x13MCx3401",3.64028,2.88932,0.00953,0.01689,0,0,0.09427,0.42181,0.06093,0.00645,0.00659,0,0,0,0,0,0,0,0
"M0x14MCx1940",0.09518,7.35573,0,0.72252,0.17892,0,0.08356,0.21867,0.06789,0,1.37989,0,0.03723,0,0,0,0,0,0
"M0x14MCx2789",0.09284,10.99636,0,0.54941,0.82508,0.15823,0.96246,0.20838,0.1098,0,2.44362,0.02387,0.01303,0,0,0,0,0,0
"M0x20MCx1119",4.47165,9.4944,2.55616,0.89348,1.1609,0,0.5031,3.71657,0.41741,0,0.08536,0,0.14696,0,0,0,0,0,0
"M0x20MCx1120",0.0874,3.51065,0,0.02534,0.11314,0,0.14483,0.28072,0.01416,0,0.01802,0,0.01264,0,0,0,0,0,0
"M0x20MCx1121",3.97956,9.90875,3.67476,0.73099,0,0.00424,0.35959,0.23915,0.07149,0,0.39588,0,0,0,0,0,0,0,0
"M0x20MCx1123",1.72049,0.93522,0.02842,0.17337,0.47598,0,0.1322,0.71336,0.05396,0,0.2664,0,0.09907,0,0,0,0,0,0
"M0x20MCx1126",1.13002,0.94051,0.12826,0.27188,0,0,0.11644,0.27681,0.04181,0,0.66475,0,0.00715,0,0,0,0,0,0
"M0x20MCx1127",0.00981,2.66098,0.02992,0.04166,0.22699,0,0.10032,0.73461,0.05748,0,0,0,0.02797,0,0,0,0,0,0
"M0x20MCx1148",0.55931,4.29029,0,2.76071,0,0,8.0391,1.07733,0.06315,0.02519,0.05962,0.02586,0,0,0,0,0,0.08426,0
"M0x20MCx1152",1.00698,17.77534,0,1.00975,1.51723,0.04796,1.9474,0.73442,0.41907,0,1.21088,0,0.1896,0,0,0,0,0,0
"M0x20MCx1166",1.12129,3.22775,0.19087,0.19058,0.53254,0.02809,0.0708,0.3888,0.05949,0,0.06837,0,0.03656,0,0,0,0,0,0
"M0x20MCx1168",0,2.88204,0,0.71476,0.09897,0,0.83018,0.21183,0.02142,0,0,0,0.63453,0,0,0,0,0,0
"M0x20MCx1191",1.06537,0.85502,0,0.30614,0.61828,0,0.4776,0.93963,0.05247,0,0.00526,0,0.08618,0,0,0,0,0,0
"M0x20MCx1192",5.76529,0.56823,0,0.20002,0.5428,0,1.13354,0,0,0,0,0,0,0,0,0,0,0,0
"M0x20MCx1194",0,0,1.30436,0.05675,0,0,0,3.05976,0,0,0,0,0.01452,0,0,0,0,0,0
"M0x20MCx1213",0.73678,5.38435,0.02472,0.16724,0.26316,0,0.30563,0.55543,0.1215,0,2.46941,0,0.00587,0,0,0,0,0,0
"M0x20MCx1224",0.16228,0.00172,3.10044,0,0.64062,0,1.86273,0.01107,0,0,0,0,0,0,0.03788,0,0,0,0
"M0x20MCx1233",0.04644,1.46329,0.0453,0.13457,0.32751,0,0.04862,0.66761,0,0,2.56846,0,0,0,0.63188,0.00366,0,0,0
"M0x20MCx1245",0,6.69871,0,0.25355,0.23372,0,0.09654,0.5968,0.08427,0,6.5178,0,0,0.01011,0,0,0,0,0
"M0x20MCx1257",0.04837,10.08079,0.01111,0.27531,0.43555,0,0.3422,0.62571,0.10355,0,2.78331,0,0.03401,0,0,0,0,0,0
"M0x20MCx1281",1.58687,0.22666,0.13925,0.80692,0.92489,0,1.70499,1.2178,0.0832,0,0,0,0.99683,0,0,0,0,0,0
"M0x20MCx1286",1.5736,3.78693,0,0.07365,0.04738,0.00192,0.03882,0.3827,0.00291,0,0.17358,0,0.06914,0,0,0,0,0,0
"M0x20MCx1297",0,2.13084,1.12718,1.18099,0.46923,0.7475,0.34721,0.16112,0.00762,0,1.64338,0,0,0,0,0,0,0,0
"M0x20MCx1322",0.36094,3.71627,0.13704,0.19595,0.24596,0,0.10532,0.26153,0.07391,0,0.35016,0,0.0795,0,0.23151,0,0,0,0
"M0x20MCx1325",0.35519,6.07469,0.22251,0.0996,0.43656,0,0,0.21714,0.03464,0,0.04671,0,0.00624,0.02183,0,0,0,0,0
"M0x20MCx1341",1.57618,6.23672,0,0.13481,0.70583,0,0.0388,0.54255,0.09866,0,0.11171,0,0.27035,0.00159,0,0,0,0,0
"M0x20MCx1348",2.72935,2.33323,2.92059,0.51707,0.08794,0,0.08139,0.20964,0.08472,0,16.98521,0,0.00348,0,0.05365,0,0,0,0
"M0x20MCx1357",0.47394,6.37234,0,0.51114,0.58668,0.00111,0.22719,0.22721,0.00872,0,0.23601,0.00332,0,0.04665,0.15083,0,0,0,0
"M0x20MCx1360",0.01498,2.88853,0,0.76297,0.73232,0.00352,0.3065,0.9121,0.0341,0,0.07934,0,0.03297,0,0,0,0,0,0
"M0x20MCx1376",0,4.37995,0.04266,0.71211,0.5353,0,1.21965,0,0.15761,0,0.02028,0,0.32174,0,0,0,0,0,0
"M0x20MCx1382",3.00747,2.67211,0.95506,2.59145,0,0,2.46653,3.38299,0.60445,0,0,0,0,0,0,0,0,0,0
"M0x20MCx1386",3.20124,6.94104,6.75419,2.18167,0.41124,0,0.71977,0.70965,0.04317,0,0.25054,0,0,0,0.75704,0,0,0,0
"M0x20MCx1387",0.86978,1.06991,0,0.22757,0.36657,0,0.23762,1.72472,0.2376,0,3.78831,0,0,0,0,0,0,0,0
"M0x20MCx1389",0.93021,17.86551,0.75445,1.05692,0.13304,0,0.07209,0.44551,0.13595,0,0.3172,0,0.04073,0,0,0,0,0,0
"M0x20MCx1435",0,1.42384,3.05921,0.37732,0.81129,0,0.81062,0.50375,0.07788,0,0.17462,0.01134,0.25177,0,0,0,0,0,0
"M0x20MCx1443",0.28877,4.51388,0,0.18925,2.71693,4.18022,0.03004,0.54133,0.15852,0,0,0,0,0,0,0,0,0,0
"M0x20MCx1459",1.2016,2.33803,3.25277,0.24754,0.45944,0.03932,0.43261,0.49192,0,0,0.00692,0.00413,0,0,0,0,0,0,0
"M0x20MCx1470",0,6.60141,0.04956,0.0805,0.85493,0,0.09047,1.4379,0.09144,0,0.82692,0,0.03427,0,0.76016,0,0,0,0
"M0x20MCx1482",5.46244,0,3.51756,0,0,0.18414,0.07993,0.2348,0,0,0.1423,0,0,0,0,0,0,0,0
"M0x20MCx1488",0.36875,5.0731,0,0.05143,0.10785,0,0.02581,0.09713,0.05984,0,0.01254,0,0,0,0,0,0,0,0
"M0x20MCx1489",0,0,0,0.00088,1.03343,0,1.20692,0.68861,0,0,0,0,0,0,0.02538,0,0.01174,0,0
"M0x20MCx1500",1.49976,3.67018,1.97787,1.03684,0.43276,0.03138,0.05851,0.09757,0.12858,0,0.10861,0,0.01018,0,0,0,0,0,0
"M0x20MCx1504",0.34127,11.44404,0.58607,0.75418,0.26908,0.02001,0.13425,0.15317,0.05536,0,0.08393,0.01688,0.19889,0,0,0,0,0,0
"M0x20MCx1507",1.20732,7.41282,0.05753,0.33158,0.03983,0,0.01362,0.19576,0.00769,0,0.00418,0,0,0,0,0,0,0,0
"M0x20MCx1511",0.10256,2.5723,0.57494,0.08497,0.12063,0.00025,0.03319,0.3178,0.05185,0,0,0,0.01769,0,0.22735,0,0,0,0
"M0x20MCx1514",2.47322,3.81669,0,0.29117,0.10578,0.00057,0.01084,0.48973,0.02416,0,0.06105,0,0.05135,0,0,0,0,0,0
"M0x20MCx1526",0.39425,2.25258,0.06561,0.35446,0.16994,0,0.09111,0.00956,0.01412,0,0.03751,0,0.0127,0,0,0,0,0,0
"M0x20MCx1534",0.16022,3.80722,0,0.31555,0.37824,0.01503,0.03129,0.44891,0.089,0,0.06352,0,0.15281,0,0,0,0,0,0
"M0x20MCx1537",0.56694,0,0.03154,0.31402,0.36415,0,0.76444,0.79123,0.05164,0.00056,0.13698,0,0.06223,0,0,0,0,0,0
"M0x20MCx1538",0.1434,0.34082,0,0.45303,0.22089,0,0.99387,0,0.08409,0,0.25085,0,0,0,1.79531,0,0,0,0
"M0x20MCx1547",1.12347,2.37064,0.39515,0.12385,0.65209,0.00249,0.10709,0.37913,0.02585,0,0.622,0,0,0,0.24718,0,0,0,0
"M0x20MCx1557",1.13969,4.87368,0,0.66475,0.0467,0.00886,0.25509,0.59477,0,0,0.24705,0,0,0,0.05916,0,0,0,0
"M0x20MCx1565",1.17397,0,0,0,0.01711,0.26905,0,0.22824,0.29597,0.00162,0.74325,0,0,0,0,0,0,0,0
"M0x20MCx1571",8.47623,0.12679,7.01769,0.08771,0.15622,0,0.13607,0,0.03632,0,0.50611,0,0,0,0,0,0,0,0
"M0x20MCx1572",0.75456,3.35066,0.42612,0.59678,0.14272,0.01793,0.11327,0.29525,0.02519,0,0,0.0037,0.02995,0,0,0,0,0,0
"M0x20MCx1577",0.28908,14.32171,0.34224,0.04175,0.91933,0.00591,1.21627,0.41181,0.25668,0,0,0,0.05747,0,0,0,0,0,0
"M0x20MCx1599",0,0.4876,0,0.02888,0.10177,0,0.00045,0.12248,0.00652,0,0,0,0.01465,0,0,0,0,0,0
"M0x20MCx1613",3.75925,0,0.75938,0.05122,0,0,0.13965,0.39822,0,0,2.0905,0,0.01759,0,0,0,0,0,0
"M0x20MCx1614",7.10812,3.40756,6.86885,1.11534,0,0,0.25823,0.08718,0,0,0,0,0,0,0,0,0,0,0
"M0x20MCx1617",5.93167,0,0.30451,0,0,1.37953,0,0.63172,0,0,0,0,0,0,0.0777,0.00533,0,0,0
"M0x20MCx1620",0.29926,4.34561,0,0.05916,0.13729,0,0,0.1523,0.06162,0,0.02533,0,0.01513,0,0,0,0,0,0
"M0x20MCx1641",1.41239,3.96393,1.0591,0.36492,0.3365,0,0.37205,0,0.20497,0,0.38504,0,0,0,0,0,0,0,0
"M0x20MCx1647",0,6.37007,0,0.28354,0.09493,0,0.07394,0.38829,0.04861,0,0.02243,0.00424,0.06212,0,0.5276,0,0,0,0
"M0x20MCx1663",0,0.07529,0,0.44337,0.52727,0,0.62211,0,0,0,0.0119,0,0,0,0,0,0,0,0
"M0x20MCx1679",2.1629,6.34232,0.4297,0.4886,0.15811,0.00068,0.15647,0.17028,0.05693,0,0.00198,0,0.02808,0,0,0,0,0,0
"M0x20MCx1716",0,0.96328,0,0,0.0114,0,0.01439,0.34031,0,0,0,0,0,0,0.17534,0,0,0,0
"M0x20MCx1726",0.81623,6.74434,0,0.30963,0.12695,0,0.02321,0.2728,0.01335,0,0.06896,0,0.00369,0,0,0,0,0,0
"M0x20MCx1729",0.39428,9.41017,0.58161,0.29663,0.35569,0,0.15869,0.14841,0.13061,0,1.0748,0,0.04549,0,0,0,0,0,0
"M0x20MCx1736",0.29509,9.07012,0,0.50753,0.73913,0,0.41006,0.14412,0.1197,0,0,0,0.05074,0,0,0,0,0,0
"M0x20MCx1740",0.13102,10.33245,0,0.28876,0.86175,0.19333,0.2773,0.53642,0.17589,0,0.0077,0,0.02998,0,0,0,0,0,0
"M0x20MCx1742",0,0.16903,0,0.19667,0.0736,0,1.80463,0.74062,0,0,0.09711,0,0,0,0.7827,0,0,0,0
"M0x20MCx1759",12.16278,0,3.956,0,0,0,0,0.16839,0,0,0,0,0,0,0,0,0,0,0
"M0x20MCx1770",0,9.95615,0,0.21348,0.14615,0,0.08911,0.37758,0.08686,0,0,0,0.01296,0,0,0,0,0,0.00458
"M0x20MCx1776",0.66543,4.22954,0,0.21996,0.28563,0,0.11112,0.15405,0,0,2.07383,0,0,0,0,0,0,0,0
"M0x20MCx1804",4.84566,1.85346,0,0.14584,0.3002,0,0.23872,0,0,0,1.37921,0.00748,0,0,0.05149,0,0,0,0
"M0x20MCx1807",2.08144,8.87306,1.70854,1.25638,0.18413,0.04158,0.25264,0.81563,0.0457,0,0.9693,0,0,0,0,0,0,0,0
"M0x20MCx1815",0.00969,2.02361,0,0.02935,0.06643,0,0.0081,0.2131,0,0,0,0,0,0,0,0,0,0,0
"M0x20MCx1820",0.08623,6.66174,0,0.53663,0.41826,0,0.38878,1.12125,0.18414,0,0.03393,0,0.00368,0,0.72356,0,0,0,0
"M0x20MCx1829",2.18438,3.33441,5.7457,1.11592,0.41662,0,0.25834,0.48307,0.06464,0,4.72579,0,0.12857,0,0.00188,0,0,0,0
"M0x20MCx1839",2.06774,5.31963,0,4.16018,0.53876,0.06192,0.22919,2.47301,0.06649,0,2.25987,0.00089,0.01612,0,0.52477,0,0,0,0
"M0x20MCx1845",0.22234,3.5957,0,0.23216,0.37833,0.00753,0.34189,2.88957,0,0,4.18908,0,0.02388,0,0,0,0,0,0
"M0x20MCx1858",0.27501,11.16818,0,0.06843,0.40646,0,0.04282,0.34021,0.02265,0,0,0,0.03465,0,0,0,0,0,0
"M0x20MCx1879",0.54127,3.08463,0,0.08584,0.24177,0.01611,0.06413,0.12801,0.10106,0,0,0.01118,0.02046,0,0,0,0,0,0
"M0x20MCx1897",0.6801,4.82059,0.17976,2.05996,0.5612,0.07421,0.44234,0.82799,0.29474,0,1.83091,0,0,0,0,0,0,0,0
"M0x20MCx1899",1.98462,8.21288,0.33676,0.76771,0.45842,0.02688,0.3464,0.67234,0.07222,0,2.1678,0,0.65825,0,0,0,0,0,0
"M0x20MCx1905",0.76995,12.9667,0.07895,3.95681,1.58276,0.01902,0.10317,2.02827,0.03799,0,0,0,0.00328,0,0,0,0,0,0.0966
"M0x20MCx1920",1.70506,11.8365,0.20363,0.12952,0.24373,0.10549,0.65632,0.29345,0.05273,0,4.76258,0.01476,0.05861,0,0,0,0,0,0
"M0x20MCx1921",0.05055,3.06184,0,0.57707,0.04595,0,0.12122,0.16592,0.02395,0,0.05935,0,0.0464,0,0.263,0,0,0,0
"M0x20MCx1932",0.1922,4.74389,0,0.16542,0.3026,0.0227,0.01918,0.24882,0.11486,0,0.0648,0,0.01704,0,0,0,0,0,0
"M0x20MCx1948",2.49719,2.02555,0.58836,0.23496,0.03328,0,0.18848,0.68734,0.06483,0,0.63289,0.00145,0.00821,0,0.20928,0,0,0,0
"M0x20MCx1955",1.6967,4.72263,0,0.50103,0.17926,0.35365,0.04422,0.42363,0.0254,0,0.1089,0,0.02372,0,0,0,0,0,0
"M0x20MCx1973",0.10844,1.94001,0,0.09628,0.21715,0,0,0.42819,0.02131,0,0,0,0.03541,0,0,0,0,0,0.16114
"M0x20MCx1974",0.89128,5.26594,1.16384,0.11746,0.04299,0.02831,0.00178,0.35099,0.02378,0,0.93122,0.00041,0.02043,0,0.33719,0,0,0,0
"M0x20MCx1989",1.77556,4.98166,0,0.92926,0.16515,0.04506,0.10378,0.28278,0.05247,0,0.00944,0,0.0566,0,0,0,0,0,0
"M0x20MCx1998",0,4.29537,0.08511,1.27028,0.57978,0,0.22171,0.2927,0.02553,0,0.22864,0,0.20788,0,0,0,0,0,0
"M0x20MCx1999",0.13386,6.92924,0,2.20319,0.23309,0.10907,0.23212,0.48595,0.07611,0,2.39812,0,0.02278,0,0,0,0,0,0
"M0x20MCx2006",2.48618,1.38447,0.05368,0.93379,0.36002,0.22133,0.18494,0.44564,0.01534,0,5.21122,0.06594,0.18492,0,0,0,0,0,0
"M0x20MCx2008",1.84454,3.23219,0,0.7507,0.26519,0.03123,0,0.80328,0.04194,0,0.18028,0.03876,0.10663,0,0.09471,0,0,0,0
"M0x20MCx2031",0,8.90404,0.00552,0.84048,0,0,0.38201,0.60124,0.08293,0,0,0,0.09822,0,1.18666,0.01494,0,0,0
"M0x20MCx2049",0.08941,6.1557,0,0.16232,0.47516,0.2502,0.03241,1.04911,0.15479,0,3.49306,0,0.25913,0,0,0,0,0,0
"M0x20MCx2051",0,5.24393,0.73647,0.31637,0.29374,0.01242,0.18179,0.4075,0.12643,0,4.03007,0,0.09859,0,0.09452,0,0,0,0
"M0x20MCx2078",0.70338,4.25274,0.89747,0.20549,0.33795,0,0.0586,0.75779,0.06169,0,0.19674,0.0149,0.02339,0,0,0,0,0,0
"M0x20MCx2084",0.96604,9.4507,0.08321,0.2023,0.25147,0,0.09357,0.11131,0.32758,0,0.04766,0,0,0,0,0,0,0,0
"M0x20MCx2091",1.57469,1.7718,1.60375,0.36489,0.27475,0.21339,0.07228,1.18154,0.18559,0,2.51977,0,0,0,0.28039,0,0,0,0
"M0x20MCx2094",0.27565,12.74338,0.30797,0.65216,1.44643,0,0.58773,2.31941,0.74919,0,0.00156,0,1.37106,0,0,0,0,0,0
"M0x20MCx2103",0.07846,3.58641,0.00958,0.628,0.07417,0.0411,0.11344,0.19196,0.08455,0,0.00649,0,0.02491,0,0,0,0.08915,0,0
"M0x20MCx2117",0.64562,8.45057,0,0.76665,0.18821,0,0.05228,0.44262,0.02688,0,0.00291,0,0.00981,0,0,0,0,0,0
"M0x20MCx2125",0.01543,8.29477,0.0609,1.09964,0.47304,0.03035,0.12418,0.80629,0.47407,0,0.14926,0.03742,0.36732,0,0,0,0,0,0
"M0x20MCx2141",0.38949,0,0.10603,0.0716,0,0,0,1.19745,0,0,0,0,0,0,1.17411,0.03074,0,0,0
"M0x20MCx2161",2.28603,12.97925,3.96628,1.22098,0.30022,0,0.14719,0.71625,0.56712,0,0.15878,0,0.08954,0,0,0,0,0,0
"M0x20MCx2167",0,5.30587,0.13288,0.33778,0,0,0.67116,1.68529,0.01785,0,0.04653,0,0,0,0,0,0,0,0
"M0x20MCx2175",0.02817,1.37165,0,0.07336,0.11496,0.00072,0.2401,0.53492,0.03582,0,0.04542,0,0,0,0,0,0,0,0
"M0x20MCx2186",0.00671,6.18018,0,0.18869,0.20441,0,8e-04,0.60759,0.01877,0,0.04751,0,0.11598,0,0,0,0,0,0
"M0x20MCx2196",0,7.61712,0.01398,0.1336,0.19801,0,0.08101,0.27325,0,0,0.00893,0,0,0,0,0,0,0,0
"M0x20MCx2210",0,6.337,0.64017,0.93572,0.22411,0,0.25165,0.2241,0.06322,0,0.64723,0,0.06748,0,0.22525,0,0,0,0
"M0x20MCx2214",0.34282,6.24627,0,1.23726,0.49623,0.00422,0.07648,1.02131,0.09501,0,0.03398,0,0.05841,0,0,0,0,0,0
"M0x20MCx2215",2.08222,0.96323,0,0,0,0.02491,0,0,0,0.00343,2.39983,0,0,0,0,0,0,0,0
"M0x20MCx2235",2.23049,15.57061,0,0.57303,0.30005,0.00187,0.60366,0.61007,1.38244,0,0.15203,0,0.06398,0,0,0,0,0,0
"M0x20MCx2239",0.78212,3.69992,0.32181,0.67009,0.61462,0.20923,0.13251,0.04895,0.06559,0,0.00085,0,0.1975,0,0,0,0,0,0
"M0x20MCx2242",0.25311,3.91012,1.884,1.19931,0.12773,0.01023,0.26093,1.3478,0.46519,0,2.37154,0,0.12079,0,2.09508,0,0.00336,0,0
"M0x20MCx2244",0.7876,9.40507,1.83884,0.06761,0.04999,0.10131,0.16425,0.08121,0.02355,0,0.01583,0,0.01011,0,0,0,0,0,0
"M0x20MCx2247",0.58146,5.14512,0,0.62043,0.18354,0,0.05218,0.59985,0.25981,0,0,0,0.01584,0,0,0,0,0,0
"M0x20MCx2256",1.59596,0,1.97958,0.03952,0.18156,0,0.05448,0.45055,0,0,0,0,0,0,0,0,0,0,0
"M0x20MCx2274",0,7.1373,4.84867,0.33036,0.45794,0,0.53314,0.71446,0,0,0,0,0.05877,0,0,0,0,0,0
"M0x20MCx2276",5.37264,0.76027,0,0.38234,0,0.01252,0.00641,0,0,0,0.02762,0,0,0,0,0,0,0,0
"M0x20MCx2286",3.30762,8.70613,0,2.24635,0.71275,0.15094,0.32187,0.17939,0.74409,0,4.92661,0,0.3662,0,0,0,0,0,0
"M0x20MCx2295",0,2.56868,12.53194,0.0686,0,0,1.22034,0.12602,0.00308,0,0.07567,0,0,0,0,0,0,0,0
"M0x20MCx2310",0.05611,15.16483,0,0.13956,0.35461,0,0.02671,0.50104,0.02046,0,0.6601,0,0,0,0,0,0,0,0
"M0x20MCx2311",0.51316,14.68296,0,0.05254,0.6886,0,0.54731,0.55112,0.02463,0,0.01823,0.06223,0,0,0,0,0,0,0
"M0x20MCx2322",0.12115,8.59793,0,0.19564,0.11555,0.0163,0.00179,0.60304,0.0961,0,0.04648,0,0.01385,0,0.04835,0,0,0,0
"M0x20MCx2329",0.34761,6.98719,0.00096,0.24913,0.31889,0,0.07914,0.50375,0.11803,0,0.06386,0,0.02079,0,0,0,0,0,0
"M0x20MCx2338",5.03035,6.80895,1.0187,0.36389,1.12842,0.05049,1.15426,1.93086,0,0,1.94195,0.02726,0.22239,0,0.34331,0,0,0,0
"M0x20MCx2346",0.53424,6.53159,0,0.8554,0.35513,0,0.156,1.3146,0,0,0.34278,0,0.06421,0,0,0,0,0,0
"M0x20MCx2362",0.31444,0.7313,0.16622,0.37007,0.58088,0.04394,0.0766,0.56181,0.15415,0,1.68105,0,0.16772,0,0.60096,0,0,0,0
"M0x20MCx2366",0.31428,4.17792,0.16289,0.19773,0.96898,0,0.45486,0.25421,0.3697,0,0.5952,0,0.04354,0,0.64852,0,0,0,0
"M0x20MCx2374",0,6.08921,1.01755,2.77237,0.49318,0,0.35132,1.1616,0.14904,0,0.00547,0,0.08018,0,0.00869,0,0,0,0
"M0x20MCx2377",0,0.97001,0.63313,0.99003,0.38776,0,0.03788,0.36133,0.00835,0,0.94121,0,0.11646,0,0,0,0,0,0
"M0x20MCx2385",0.31696,4.83393,0.34681,0.76231,0.8037,0,0.39094,0,0.05503,0,0.00722,0,0,0,0,0,0,0,0
"M0x20MCx2395",3.37864,5.34988,0,0.00608,0.19953,0.01929,0.29179,0.21471,0.05664,0,1.1006,0.01618,0,0,0,0,0,0,0
"M0x20MCx2397",0.0637,6.07366,0,1.73729,1.071,0.05758,0.21821,1.06379,1.22266,0,0.30293,0.04414,0,0,0,0,0,0,0
"M0x20MCx2400",0.05948,1.32786,0,0.46821,0.40587,0.0483,0.67746,0.53206,0.03363,0,0.12801,0,0,0,0,0,0,0,0
"M0x20MCx2412",0.17089,2.86275,0,0.36913,0.04784,0,0.00046,0.39133,0.04561,0,0.35463,0,0,0,0,0,0,0,0
"M0x20MCx2469",2.37583,3.15966,0,0.27346,0.35788,0,0.07436,0.98731,0.04148,0,0.7808,0,0.22981,0,0,0,0,0,0
"M0x20MCx2484",0.64814,1.25719,0.03158,0.10301,0.17725,0,0.11957,0,0.00917,0,0,0,0.011,0,0,0,0,0,0
"M0x20MCx2491",0.35615,4.13675,0,11.70426,0.32285,0.15433,0.54711,0.42208,0.06983,0,0,0,0.00492,0,1.48002,0,0,0,0
"M0x20MCx2504",0.05148,0.74807,0.03913,0.00422,0.1036,0,0.10604,0.17602,0,0,0,0,0.02943,0,0,0,0,0,0
"M0x20MCx2508",0.20837,14.88131,0,0.54699,0.31431,0,0.42455,0.53608,0.05752,0,0.55066,0,0.0134,0,0,0,0,0,0
"M0x20MCx2509",0.93763,0.99706,4.13143,0,0.41373,0,0.20371,0,0.00513,0,0,0,0,0,0.55764,0,0,0,0
"M0x20MCx2524",0.9099,7.63912,0.023,0.25324,0.18645,0,0.10582,0.32052,0.02271,0,0.06225,0,0.02385,0,0,0,0,0,0
"M0x20MCx2531",0.54063,10.70636,2.19311,0.23139,0,0,0.14063,1.31005,0,0,0,0,0,0,0,0,0,0,0
"M0x20MCx2533",0.98667,3.31734,1.33089,2.5268,0.20142,0,0.08098,0.74433,0.04109,0,0.9783,0,0.03876,0,0.145,0,0,0,0
"M0x20MCx2536",1.8276,4.41426,0.03439,1.30432,0.48546,0.00312,1.16682,0.57351,0.0555,0,0.88345,0,0.06426,0,0,0,0,0,0
"M0x20MCx2547",0,3.14342,1.62561,0.37262,0.05602,0.01253,0.10669,0,0,0,0.107,0,0,0,0,0,0,0,0
"M0x20MCx2562",0.26474,6.46665,0.37151,1.33195,2.78821,0,0.10799,0.60552,1.16519,0,1.56359,0,0.00847,0,0.82734,0,0,0,0
"M0x20MCx2591",0.05581,4.05666,0,0.11675,0.24375,0,0.04866,1.02516,0,0,0,0,0.0425,0,0,0,0,0,0
"M0x20MCx2604",1.09568,2.76996,0,0.32391,0.23519,0.09957,0.07208,0,0.02646,0,4.94162,0.00392,0.02,0,0,0,0,0,0
"M0x20MCx2615",1.61499,2.51327,4.32117,0.8377,0.50269,0,0.51773,0.65026,0.03888,0,0.05249,0,0.32315,0,0,0,0,0,0
"M0x20MCx2617",1.00657,10.39478,1.90412,0.43018,0,0.04367,0.26213,0.72767,0.00472,0,1.05661,0,0.05208,0,0.26738,0,0,0,0
"M0x20MCx2622",0,0,1.28114,0.13264,0.41936,0,0.04082,0.75943,0.02588,0,0.4237,0,0,0,0.21865,0,0,0,0
"M0x20MCx2623",0.52742,7.54584,2.83905,0.60187,0.03256,0.01898,0,2.05732,0.10754,0,0,0,0,0,0,0,0,0,0.00271
"M0x20MCx2635",0.14152,18.55539,0,0.35477,0.26384,0,0.28303,0.44936,0.09771,0,0.77416,0,0.04684,0,0,0,0,0,0
"M0x20MCx2644",0.20836,3.96371,0,0.02442,0.07274,0.0081,0.09465,0.09984,0.15085,0,0,0,0.17276,0,0,0,0,0,0
"M0x20MCx2651",0.85312,9.68332,0,1.15933,0.28525,0,0.1647,0.71797,0.02514,0,0.01235,0,0.04387,0,0.2355,0,0,0,0
"M0x20MCx2652",1.45266,0.0378,1.74417,0.0538,0.25409,0,0.76674,0.36609,0.03436,0,0,0,0.08642,0,0,0,0,0,0
"M0x20MCx2653",0.45425,5.99865,1.49226,0.66242,0.04249,0,0.25349,0.41904,0.21157,0,1.39769,0,0.00451,0,0,0,0,0,0
"M0x20MCx2657",2.59814,4.71579,2.67868,0.90222,0,0.13693,0.26815,0,0,0.00295,0,0,0,0,0,0,0,0,0
"M0x20MCx2659",0,9.00846,0.4768,0.29273,0.38925,0.00038,0.14559,0.50349,0.09492,0,0.26381,0,0.05621,0.22732,0.4868,0,0,0,0
"M0x20MCx2664",0.36047,5.18502,0.35917,0.06665,0.08205,0.67674,0.0058,0.19026,0.11182,0,0.04507,0,0,0,0,0,0,0,0
"M0x20MCx2673",0.48946,5.56908,0,1.37015,0.15947,0,0.44578,0.02383,0.29662,0,0,0,0.09277,0,0,0,0,0,0
"M0x20MCx2678",0.4056,9.84258,0,0.85768,0.87492,0,0.0672,0.61302,0.41983,0,0.00675,0,0.0135,0,0,0,0,0,0
"M0x20MCx2685",0.01193,7.4722,0,0.97126,0.88352,0,0.09556,0.90972,0.13965,0,0.00786,0,0.00158,0,0,0,0,0,0
"M0x20MCx2687",0,14.01807,0,0.62246,0.25286,0,0.06075,0.63356,0.18589,0,0.28357,0,0.06414,0,0,0,0,0,0
"M0x20MCx2688",2.49189,13.91056,0.00752,1.53131,0.73959,0,0.94964,0.25551,0.16265,0,0,0,0.85951,0,0,0,0,0,0
"M0x20MCx2710",1.08252,7.24028,0.98854,0.41286,0.58702,0,0.04804,0.36092,0.14074,0,0,0,0.02051,0.02745,0,0,0,0,0
"M0x20MCx2716",0.08989,10.48088,0,0.01806,0.35868,0,0.07731,0.14106,0.00726,0,0,0,0.00443,0,0,0,0,0,0
"M0x20MCx2737",7.51933,0,0,0,0,0,0.15978,0,0,0.00563,0,0,0,0,0,0,0,0,0
"M0x20MCx2784",1.36599,0.31048,1.98834,0,0,0,0.49731,1.89363,0,0,0,0,0,0,0,0,0,0,0
"M0x20MCx2786",0.03636,2.11288,0,0.49553,0.18139,0,0.18348,0.42126,0.15593,0,0.5629,0,0.03215,0,0,0,0,0,0
"M0x20MCx2791",0,0.00689,1.21315,0.66179,0.21121,0.16347,0.95526,0.80983,0,0,0.69365,0,0.12063,0,0.93794,0,0,0,0
"M0x20MCx2793",0.08931,0.31804,0,0.05941,0,0,0.01635,0.95318,0.00164,0,0,0,0,0.01029,1.0109,0,0.02152,0,0
"M0x20MCx2795",0.27759,1.5482,0.83886,0.41565,0.64607,0,0.02121,0.39469,0.02477,0,0.00149,0.00344,0.06874,0,0,0,0,0,0
"M0x20MCx2797",0,2.58807,0,0.00173,0.06669,0,0.00646,0.10432,0.00605,0,0,0,0,0,0,0,0,0,0
"M0x20MCx2802",0,0,4.34662,0.27172,0.11136,0,0.25673,0.19068,0,0.02546,0,0,0,0,0,0,0,0,0
"M0x20MCx2805",0.47362,7.00586,0,0.27939,0.19929,0,0.46273,0.36773,0.19988,0,1.22126,0.00618,0.02998,0,0,0,0,0,0
"M0x20MCx2807",0.45061,4.57778,0.83515,0.42919,0.3016,0,0.04047,0.43643,0.1222,0,0.01987,0,0.23797,0,0,0,0,0,0
"M0x20MCx2810",0.24772,3.54132,2.31229,0.13215,0.08004,0,0.02891,0.08342,0.00977,0,0.1662,0,0,0,0,0,0,0,0
"M0x20MCx2815",0,0,0.64928,0.25076,0.34287,0.07127,0.17417,0,0.11018,0,0,0,0,0,0,0,0,0,0
"M0x20MCx2831",0.29614,16.36139,0,0.07888,0.18354,0,0.01426,0.87578,0.04568,0,0.04121,0,0.03271,0,0,0,0,0,0
"M0x20MCx2832",0.16739,0.10351,0,0.02308,0.20902,0,0.08127,0,0.09922,0,0.0885,0,0,0,0,0,0,0,0
"M0x20MCx2835",0.73762,1.79678,0,0,0.11695,0,0,0,0,0,0,0,0,0,0,0,0,0,0
"M0x20MCx2838",0,3.8188,0,1.09322,0.24939,0,0.02159,0.82221,0,0,0,0,0.03766,0,0,0,0,0,0
"M0x20MCx2844",3.85493,7.30652,0.09449,1.26893,0,0.0831,0.39672,0.61796,0,0,0,0,0,0,0.73235,0,0,0,0
"M0x20MCx2848",1.00406,8.41645,0.79993,0.85117,0.01749,0.08308,2.10135,0,0,0,0.0373,0,0,0,0.04225,0,0,0,0
"M0x20MCx2854",0.95256,9.99065,0.19757,0.03266,0.0741,0,0.06034,0.03119,0.27978,0,0.03762,0,0.03369,0,0,0,0,0,0
"M0x20MCx2857",0.33282,2.37098,0,0.07593,0.17173,0.00178,0.04455,0.16466,0.03161,0,0.1648,0,0.01924,0,0,0,0,0,0
"M0x20MCx2863",0.37565,0,0.33287,0.02041,0.17169,0,0.09877,0.24727,0,0,0,0,0.08663,0,0.28213,0,0,0,0
"M0x20MCx2872",0.50768,11.38707,0.33531,0.25505,0.43217,0,0.4238,0.17554,0.101,0,0,0,0.06332,0,0.17212,0,0,0,0
"M0x20MCx2882",1.05017,0.95925,0,0.0526,0.15502,0.06489,0.0131,0.14469,0.05288,0,0.69414,0,0.03938,0,0,0,0,0,0
"M0x20MCx2884",6.80994,6.32781,0.75974,0.38304,0.1324,0.00086,0.31596,0.36765,0.01764,0,0.74019,0,0.04705,0,0,0,0,0,0
"M0x20MCx2888",1.03459,2.27315,0.28146,0.13595,0.90189,0.01992,0.11085,1.70442,0.09131,0,0.03807,0.00366,0.26879,0,1.15269,0.00321,0,0,0
"M0x20MCx2893",1.47111,9.14292,1.62598,1.35398,0.25195,0,1.09732,0.77885,0.04139,0,0.00154,0,0.13961,0,0,0,0,0,0
"M0x20MCx2902",0,2.60627,1.86393,0.84229,0.40664,0,0.24588,0.54656,0.24699,0,0,0,0,0,0,0,0,0,0
"M0x20MCx2904",0.04033,5.54816,0,0.10479,0.26686,0,0.01173,0.3423,0.01308,0,0,0,0,0,0,0,0,0,0
"M0x20MCx2921",0.73101,9.09203,1.05854,0.70308,0.23449,0.15716,0.19083,0.55116,0.05637,0,0.20606,0,0,0,0,0,0,0,0
"M0x20MCx2934",0.91495,9.26442,0.14409,0.43582,0.51454,0,0.0211,0.59882,0.04581,0,0.06383,0,0.00836,0,0.91868,0,0,0,0
"M0x20MCx2943",0.11556,6.34142,0.40451,0.13218,0.21681,0.03853,0.04725,0.34003,0.02935,0,0.0011,0,0.25897,0,0,0,0,0,0
"M0x20MCx2952",0.14543,3.55642,0,0.18054,0.11105,0,0.00773,0.15612,0.06124,0,0.01232,0,0.03385,0,0,0,0,0,0
"M0x20MCx2959",1.02054,7.52001,0.51278,0.29892,0.51867,0.03591,1.01209,1.16712,0.21562,0,0.4182,0,0.04149,0,0.69318,0,0,0,0
"M0x20MCx2962",1.67339,4.23138,0,0.77853,0.33237,0,0.05464,0.892,0,0,0.55936,0,0,0,0.4894,0.01457,0,0,0
"M0x20MCx2964",0.0391,1.80268,1.20251,0.53762,0.28872,0.00036,0.1058,0.68007,0.03716,0,2.28753,0,0.08759,0,0.14131,0,0,0,0
"M0x20MCx2967",1.67087,1.33797,0.73061,1.865,0.41767,0.02276,0.84372,1.69662,0.07603,0,4.56092,0.0364,0,0,0.56894,0,0,0,0
"M0x20MCx2971",1.81701,12.6774,0.0333,1.20221,0.36239,0,2.96138,0,0.22922,0,0.09058,0,0.10733,0,0,0,0,0,0
"M0x20MCx2972",1.02938,1.5385,0.06263,0.40888,0.1588,0.15866,0.21608,0,0.0259,0,2.13347,0,0,0,0,0,0,0,0
"M0x20MCx2978",0,1.408,0,0,0.02814,0,0.00192,0.06547,0.00103,0,0,0,0,0,0,0,0,0,0
"M0x20MCx2994",0.28234,12.20809,3.13865,0.3398,0.62464,0.009,0.08685,0.19723,0.35239,0,0.30591,0,0.24138,0,0.81514,0,0,0,0
"M0x20MCx3014",0.72425,4.81425,0,0.70908,0.05939,0.07165,0.1839,0.14971,0.01198,0,0,0,0.01253,0,0,0,0,0,0
"M0x20MCx3033",2.22718,0.02689,0.26217,0,0.20379,0,0.40795,0.48104,0,0,0.88717,0.00442,0,0,0,0,0,0,0
"M0x20MCx3036",1.22161,2.13196,6.87605,0.37426,1.48517,0,0.16023,0.18311,0,0,0.00168,0,0.09728,0,0,0,0,0,0
"M0x20MCx3039",0,8.5341,2.31744,0.62578,0.29565,0,0.03955,0.14141,0.28426,0,0.00271,0,0,0,0,0,0,0,0
"M0x20MCx3055",0.16298,7.37143,0,0.18596,0.2572,0,0.06878,0.62445,0.01204,0,0,0,0.05627,0,0,0,0,0,0
"M0x20MCx3056",1.09805,5.80932,0,1.7059,0.41224,0,0.10514,0,0.03874,0,0,0,0.12906,0,0,0,0,0,0
"M0x20MCx3084",1.28789,8.21729,0.01309,0.46628,0.23302,0.00921,0.01788,0.80579,0.21163,0,0,0,0.03096,0,0,0,0,0,0.01681
"M0x20MCx3089",0.69606,4.48617,0,0.09524,0.06101,0.02977,0.02275,0.29368,0.05991,0,0,0,0.02923,0,0.0795,0,0,0,0
"M0x20MCx3094",1.86542,6.44683,0,0.32803,0.2135,0,0.35216,0.78135,0.21454,0,1.44166,0,0.07429,0,0,0,0,0,0
"M0x20MCx3099",0.35537,5.44225,0.80009,1.15238,0.8171,0,0.40708,0.53619,0.55327,0,4.11511,0,0.14419,0,0,0,0,0,0
"M0x20MCx3102",1.14184,12.73345,0,0.54022,0.45391,0,0.06278,0.39335,0.10917,0,0.0711,0,0.11342,0,0,0,0,0,0
"M0x20MCx3109",0.71342,4.18547,0,0.13753,0.24626,0,0.02781,0.5442,0.00222,0,2.0061,0,0.01466,0,0.5239,0,0,0,0
"M0x20MCx3122",2.64243,5.74057,0.27061,1.89048,0.67661,0.05511,0.63956,0.62525,0,0,0.96271,0,0.27,0,0,0,0,0,0
"M0x20MCx3138",0.69053,1.19412,0,0.19511,0.40425,0,0.04555,0.43952,0.04357,0,0.3628,0,0.03971,0,0.11239,0,0,0,0
"M0x20MCx3139",3.3575,4.98662,0,1.79919,0.165,0.01161,0.50903,0.30299,0.0827,0,0.74428,0,0.06042,0,0,0,0,0,0
"M0x20MCx3151",0.0546,3.10414,0,0.04587,0.08545,0.07984,0.24163,0.70162,0.00608,0,0.06848,0,0,0,0,0,0,0,0
"M0x20MCx3176",2.14373,6.67918,3.06409,0.61707,0.52019,0.09543,0.76999,0.48586,0.31013,0,0.01821,0,0.31842,0,0,0,0,0,0
"M0x20MCx3177",1.9664,2.95467,0.53301,0.10091,0.40305,0,0.15527,1.00381,0.1779,0,0.00282,0,0,0,0,0,0,0,0
"M0x20MCx3178",0.08796,4.03596,0,0.32918,0.08439,0,0.09259,0.18937,0,0,0.11185,0,0.04775,0,0,0,0,0,0
"M0x20MCx3182",0.02439,3.30868,0,0.12247,0.14255,0,0,0.14796,0.03098,0,0.0054,0,0.01724,0,0,0,0,0,0
"M0x20MCx3188",4.4147,7.08206,3.06566,0.27747,0.03289,0.30971,0.03705,0.39079,0,0,0.88853,0,0,0,0.33395,0.20748,0,0,0
"M0x20MCx3200",0,9.2127,0.45819,1.06327,0.17036,0.0345,0.38933,0.45446,0.29244,0,0.70391,0,0,0,0,0,0,0,0
"M0x20MCx3201",0,4.65341,1.52329,0.88526,0,0.16544,0.23548,0.06551,0.03729,0,0,0,0.00624,0,0.09945,0,0,0,0
"M0x20MCx3206",0,0,51.53497,0,0,0,0,0.10816,0,0,0,0,0,0,0,0,0,0,0
"M0x20MCx3210",0.03782,12.76659,0,0.56208,0.29587,0,0.06238,2.70367,0.14047,0,0.00566,0,0.04225,0,0.58013,0,0,0,0
"M0x20MCx3212",0.10843,9.1049,0.00508,1.52334,0.75485,0,0.26667,0.59337,0.16746,0,0.07147,0,0.10744,0,0,0,0,0,0.04157
"M0x20MCx3217",0.22701,2.96356,0,0.12135,0.15716,0,0.04435,0.21118,0.01426,0,0.14869,0,0.01048,0,0,0,0,0,0
"M0x20MCx3247",0.24745,3.07876,0,0.21697,0.45484,0,0.05251,0.31009,0.14506,0,0.00298,0,0.10805,0,0,0,0,0,0
"M0x20MCx3262",1.40869,2.27114,0.0558,0.96065,0.16929,0,1.86698,2.67852,1.1297,0,0.80466,0,0,0,1.1482,0,0,0,0
"M0x20MCx3264",4.43819,21.32766,0.12516,0.37158,0.16456,0.00324,0.40404,0.36713,0.23693,0,0,0,0.13795,0,0,0,0,0,0
"M0x20MCx3294",1.13587,7.837,0,0.46665,0.25282,0.00647,0.25196,0.3727,0.08895,0,0.11707,0,0.03195,0,0.13623,0,0,0,0
"M0x20MCx3303",0,0,1.57691,1.11552,0,0.05953,0,1.81328,0,0,0.00102,0,0,0,0,0,0,0,0
"M0x20MCx3306",1.11917,2.04647,1.63962,0.56366,0.11483,0.0113,0.53148,0.9704,0.1435,0,3.31833,0,0.04191,0,0.72054,0.00617,0,0,0
"M0x20MCx3331",4.01281,11.95501,2.00383,0.69991,0.09576,0,0.15339,0.21085,0.05015,0,0.05112,0,0.03398,0,0,0,0,0,0
"M0x20MCx3332",0.41122,19.47411,0,0.7702,0.17986,0,0.3837,0.38925,0.12892,0,0.09479,0,0.08759,0,0,0,0,0,0
"M0x20MCx3352",1.76431,6.86729,0.06949,0.44877,1.48392,0,0.1597,1.12511,1.09071,0,0,0.23409,0.15037,0,1.00095,0,0,0,0
"M0x20MCx3373",0,6.06093,0,0.45485,0.60597,0.01693,0,0.53242,0.13337,0,0.57128,0,0.00237,0,0,0,0,0,0
"M0x20MCx3374",0.38233,6.81712,0,1.68859,1.10337,0,1.38515,1.07744,0.29772,0,0.2628,0,0,0,0,0,0,0,0
"M0x20MCx3386",0.96102,13.64091,0,0.36512,0.11044,0,0.24729,0.67365,0.2245,0,0,0,0,0,0,0,0,0,0
"M0x20MCx3387",0.5354,2.89731,0,0.20289,0.38494,0,0.14899,0.3163,0.49809,0,0.62649,0,0,0,0,0,0,0,0
"M0x20MCx3389",0.1307,3.63252,0,0.20712,0.17769,0,0.06594,0.22692,0.10195,0,0.30603,0,0.03172,0,0.01245,0,0,0,0
"M0x20MCx3409",0.93277,9.91452,0.76337,0.76234,0.89488,0,0.40416,1.91452,2.53775,0,0.69584,0,0.21164,0,0,0,0,0,0
"M0x20MCx3411",0.10194,3.49259,0.04282,0.09078,0.34845,0,0,1.1648,0.0716,0,0.35164,0,0.02402,0,0,0,0,0,0
"M0x20MCx3418",0,4.30865,48.91879,0.66319,0.07017,0.03989,0.19809,0.04466,0.61439,0,0,0,0,0,0,0,0,0,0
"M0x30MCx1139",1.0055,13.78363,1.44899,0.58445,0.16346,0.00551,0.44639,0.18079,0.06294,0,0.24775,0,0.03198,0,0,0,0,0,0
"M0x30MCx1142",0.50702,5.23492,0,0.22128,0.05636,0.01366,0.05487,0.14637,0.09395,0,0.13605,0.00508,0.00436,0,0,0,0,0,0
"M0x30MCx1163",1.54626,3.17674,0.30911,0.45674,0.39335,0.02462,0.18543,0.27686,0.06463,0,0.03108,0.00822,0.00594,0,0,0,0,0,0
"M0x30MCx1174",5.3011,3.48616,1.36699,0.06197,0.24149,0.02559,0.01332,0.23792,0.03546,0,0.20389,0.00076,0.02406,0,0,0,0,0,0
"M0x30MCx1193",0.45199,9.61937,0.28338,1.3262,0.9056,0,0.56521,0.96365,0.10008,0,0.13787,0,0.01136,0,0,0,0,0,0
"M0x30MCx1196",0.57566,1.32275,0.20224,3.74411,0.46071,0.015,1.81033,2.98301,0.05225,0,16.78916,0,0.60579,0,0,0,0,0,0
"M0x30MCx1197",0.64279,2.86994,0,0.17243,0.12944,0,0.16516,0.41612,0.07537,0,0.41242,0,0.0182,0,0,0,0,0,0
"M0x30MCx1235",1.05952,6.33678,0,1.38433,0.27198,0.03428,0.36532,0.66735,0.04887,0,9.41551,0,0.0375,0,0.22456,0,0,0,0
"M0x30MCx1258",0,7.4381,1.49619,3.01122,0.41414,0.23045,0.35065,0,0,0,8.27683,0.02778,0.07309,0,0,0,0,0,0
"M0x30MCx1266",0.73017,5.03949,0.01716,1.8925,0.37948,0.02968,0.57863,0.55603,0.76927,0,11.98727,0.01145,0.26821,0,0,0,0,0,0
"M0x30MCx1280",5.80898,2.67707,2.20559,1.14469,0.12895,0,0.01104,0,0.08387,0,3.10591,0.08812,0,0,0,0,0,0,0
"M0x30MCx1303",0.11844,4.42275,0.15836,0.61636,0.13028,0,0.13502,0.53277,0.00709,0,0.09471,0,0.00369,0,0,0,0.05924,0.05347,0
"M0x30MCx1335",1.02295,7.79932,0.27597,2.41665,0.41746,0,0.23888,0.40018,0.14173,0,0.64911,0,0.03462,0,0,0,0,0,0
"M0x30MCx1336",1.41384,2.79257,0.1914,1.19759,0.49671,0.00342,0.14742,0.70704,0.11637,0,1.10983,0,0.07414,0,0,0,0,0,0
"M0x30MCx1355",0.78178,14.04021,0.68038,1.14908,0.42333,0.00499,0.40841,0.84761,0.208,0,0.82966,0,0.03806,0,0,0,0.03567,0.01806,0
"M0x30MCx1373",0.07508,5.28772,0.3695,0.96011,0.3611,0.00827,0.24054,1.13836,0.06488,0,2.27838,0.00478,0,0,0,0,0,0.0227,0
"M0x30MCx1379",0.34148,7.73669,0.12016,1.03097,0.56443,0,0.82733,1.38088,0.00432,0,0.47458,0,0.03791,0.06002,0,0,0,0,0
"M0x30MCx1405",0,8.37713,0.11885,3.47093,1.0049,0.02347,0.0976,0,0.36276,0,3.14582,0,0.01706,0,0.1129,0,0,0,0
"M0x30MCx1415",0.37156,1.6899,0,0,0,0.00491,0.26026,0.52196,0,0,1.48233,0,0,0,0,0,0.01535,0,0
"M0x30MCx1479",0.17678,6.60268,0,0.38885,0.4451,0,0.12446,0.35085,0.05483,0,0,0,0.02003,0,0,0,0,0,0
"M0x30MCx1497",0.26697,2.91067,0.0429,0.16768,0.11782,0,0.18399,0.19143,0.22951,0,0.04621,0,0,0,0.02027,0,0,0,0
"M0x30MCx1516",0,0,37.26947,0,0,0,2.02902,0,0,0,0,0,0,0.01631,0,0,0,0.00776,0
"M0x30MCx1527",0.18038,5.25271,0,0.28779,0.20662,0,0.07666,0.24368,0.01033,0,0.10152,0,0.01778,0,0,0,0,0,0
"M0x30MCx1566",0.29119,7.44449,0.07046,2.67342,1.70963,0.01176,0.19018,1.00459,0.15607,0,0.04919,0,0.1203,0,0,0,0,0,0
"M0x30MCx1597",0.27699,2.02912,0.11915,3.67844,0.86774,0,0.21386,0.85277,0.10616,0,0.0186,0,0.08646,0.00202,0.10657,0,0,0,0
"M0x30MCx1601",0.04763,4.58024,0.12219,0.09139,0.18084,0,0.06776,0.33045,0.00481,0,0.04202,0,0,0,0,0,0,0,0
"M0x30MCx1636",0,6.42076,0,0.29886,0.3527,0,0.18615,1.19516,0.05708,0,0.02589,0,0.02472,0,0,0,0,0,0
"M0x30MCx1637",0.20336,3.97414,0,0.40133,0.30467,0,0.03532,0.14299,0.00945,0,0.01756,0,0.00848,0,0,0,0,0,0
"M0x30MCx1646",0.23146,17.91064,0.49053,1.78627,0.1215,0.08164,1.13864,0.79975,0.04952,0,0.1416,0,0.05929,0,0.0054,0,0,0,0
"M0x30MCx1649",0,10.5087,0,0.77025,0.11738,0.00118,0.29334,0.34019,0.05584,0,0.13276,0,0.04001,0,0,0,0,0,0
"M0x30MCx1664",0,7.34179,0,1.48031,0.35789,0,0.07754,0.40081,0.0203,0,0.00392,0,0.00691,0,0,0,0,0,0
"M0x30MCx1705",1.99847,4.42313,1.15182,0.59246,0,0.00206,0.69082,0.1002,0,0,0,0,0.00925,0,0.18145,0,0,0,0
"M0x30MCx1712",1.55189,5.08584,0,0.70586,0.37171,0,0.25618,2.2336,0.21687,0,0.31463,0,0.02241,0,0,0,0,0,0
"M0x30MCx1730",0,9.62362,1.70882,1.2576,0.3417,0.00403,1.53424,0,0.22354,0,3.0702,0,0.01732,0,0.68758,0,0,0,0
"M0x30MCx1744",1.33783,7.98781,0.27909,0.04049,0.5244,0,0.17457,0,0.04354,0,0.30637,0,0.05488,0,0,0,0,0,0
"M0x30MCx1782",0.2691,5.92297,0,0.18896,0.19756,0.02603,0.22436,0.31965,0.02227,0,1.01968,0,0.04799,0,0,0,0,0,0
"M0x30MCx1794",0.06459,3.7217,0,0.13462,0.25941,0,0,0.2291,0.02584,0,0.05838,0,0.00204,0,0,0,0.42375,0,0
"M0x30MCx1824",0.05225,11.16477,0.21193,0.21026,0.31163,0.00315,0.06315,0.27957,0.02482,0,0.12533,0,0,0,0,0,0,0,0
"M0x30MCx1827",0,2.10597,0,0.00905,0.20459,0,0.01534,0.13836,0.00309,0,0.01449,0,0,0,0,0,0,0,0
"M0x30MCx1831",2.29527,7.12576,0,2.45258,0.21506,0.00647,0.56819,0.38239,0.11211,0,0.36219,0,0.05083,0,0,0,0.01418,0,0
"M0x30MCx1878",0.0858,2.16314,0,0.29253,0.08923,0,0.07017,0.20771,0,0,0.33777,0,0,0,0,0,0,0,0
"M0x30MCx1881",0.94112,6.82237,0,1.59575,0.78395,0,0.5964,0.27352,0.10406,0,0.67805,0,0.03699,0,1.14086,0,0,0,0
"M0x30MCx1882",0.36041,8.03627,0.51307,1.01116,0.3856,0,0.17209,1.35838,0.00534,0,0.13952,0,0,0,0.31239,0,0,0,0
"M0x30MCx1901",0.71865,9.34668,0.23995,1.17852,0.20788,0,0.12879,0.65862,0.26556,0,0.74476,0,0.00769,0,0,0,0,0,0
"M0x30MCx1926",0,2.43615,1.15642,0.29307,0.14487,0.02362,0.04861,0.34734,0.03123,0,10.58313,0,0.04582,0,0,0,0,0,0
"M0x30MCx1972",0,4.12189,0,0.2254,0.06406,0.02732,0,0.35845,0.04669,0,0.04892,0,0,0.01466,0,0,0,0,0
"M0x30MCx1980",0.06145,5.41022,0,0.18512,0.11465,0,0.06975,0.15805,0.02095,0,0.00179,0,0.09652,0,0,0,0,0,0
"M0x30MCx2011",0.37964,5.21978,0,0.33077,0.34587,0,0.3017,0.24026,0.20198,0,0.53092,0,0.18071,0,0,0,0,0,0
"M0x30MCx2015",0,8.57075,0,0.47809,0.41399,0,0.06496,0.90239,0.11351,0,0.09436,0,0.09334,0,0,0,0,0,0
"M0x30MCx2027",0.15177,3.00104,0,0.37742,0.26734,0,0.14767,0.47426,0.13771,0,0.12293,0,0.00097,0,0,0,0,0,0
"M0x30MCx2043",0,0.48443,0,0.34806,0,0.10048,0.76803,0,0.00086,0,0.03347,0,0,0,0,0,0,0,0
"M0x30MCx2059",0,7.11673,0,0.40254,2.51884,0,0.15332,1.0046,0.60338,0,0.11149,0,0.03075,0,0,0,0,0,0
"M0x30MCx2061",0.07656,12.48378,0,0.69831,0.28136,0,0.09151,1.13921,0.51608,0,0.0606,0,0,0,0.81133,0,0,0,0
"M0x30MCx2079",0.34095,1.70011,0.08406,0.20975,0.16789,0.00971,0.02341,0.18577,0.13932,0,0.01041,0,0.02121,0,0.07022,0,0,0,0
"M0x30MCx2092",0,3.97261,1.67326,1.19494,0.41151,0,0.59642,0.70508,0.07158,0,0.04158,0,0.1494,0,0,0,0,0,0
"M0x30MCx2096",0,1.63702,0.39598,0.91249,0.41635,0.01157,0.24266,0.75027,0.07678,0,0.08963,0.06759,0,0,0,0,0,0,0
"M0x30MCx2131",0.66903,4.36176,0,1.38068,0.41756,0,0.22911,0.80041,0.06333,0,3.5582,0.0202,0.00358,0,0,0,0,0,0
"M0x30MCx2140",0.22097,5.87861,0,0.29857,0.35959,0,0,0.23294,0.15448,0,2.17842,0.04982,0.04909,0,0,0,0,0,0
"M0x30MCx2158",2.23346,5.07239,0,0.66975,0.34436,0.02718,0.10794,0.38968,0.20462,0,1.83501,0.04755,0.02628,0,0,0,0,0,0
"M0x30MCx2183",0.9967,18.43027,0.0301,1.24088,0.23564,0,0.17108,0.91876,0.0316,0,0.06131,0,0,0,0,0,0,0,0
"M0x30MCx2204",0.4648,2.9997,0,0.09531,0.16507,0,0.05324,0.40412,0.01055,0,0,0,0,0,0,0,0,0,0
"M0x30MCx2206",12.49492,10.47694,0,0.12708,0.00248,0.09758,0.0143,0,0.19429,0,0.56992,0.00641,0,0,0,0,0,0,0
"M0x30MCx2257",0.47972,2.84195,0,0.02432,0.32468,0,0.40173,0.22953,0.0613,0,0.25454,0,0.01707,0,0,0,0,0,0
"M0x30MCx2281",1.96237,2.92393,0,1.91873,1.1139,0,0.18467,0.68214,0.03747,0,0.00083,0,0.03743,0,0,0,0,0,0
"M0x30MCx2312",0.15358,3.32854,0.25092,0.60581,0.1707,0.03653,0.07088,1.55949,0.2873,0,16.68458,0,0.0403,0,0,0,0,0,0
"M0x30MCx2316",1.65462,2.69062,0,2.05954,0.37016,0.00347,0.02994,0.69526,0,0,1.01908,0,0.04348,0,0.15404,0,0.02303,0,0
"M0x30MCx2337",0.52041,6.95596,0.60266,2.19404,0.2778,0.01052,0.14184,0.2455,0.03921,0,3.37462,0,0,0,0,0,0,0,0
"M0x30MCx2352",0,5.39885,3.48748,2.05422,0.71516,0.01589,0.86274,0,0.84176,0,0.09444,0,0.01774,0,0,0,0,0,0
"M0x30MCx2353",0.0115,4.32271,0,0.19712,0.0486,0.02097,0.48784,0.31978,0.03382,0,0.05519,0,0.03538,0,0,0,0,0,0
"M0x30MCx2354",0.35881,2.56051,0.68564,0.18438,0.1196,0,0.20508,0.31694,0.04625,0,0.57924,0,0.00452,0,0,0,0,0,0
"M0x30MCx2363",0.02838,3.21738,0.19089,0.48389,0.30687,0.08365,0.09323,0.54756,0.0182,0,0,0,0.06279,0,0,0,0,0,0
"M0x30MCx2413",0.21002,4.3474,0,0.257,0.06281,0,0.02861,0.18525,0.01054,0,0.02619,0,0.0424,0,0,0,0,0,0
"M0x30MCx2414",0,21.2569,8.40709,1.40951,0.43618,0.05761,0.13011,0,0.01189,0,0,0,0.01137,0,0,0,0,0,0
"M0x30MCx2438",0.66401,6.6598,0,0.47976,0.16822,0,0.07287,0.73954,0.04174,0,0.06633,0,0.02157,0,0,0,0.03457,0,0
"M0x30MCx2445",0,9.5105,3.09829,1.62424,0.23759,0.0114,0.30491,1.30577,0.05158,0,0.15527,0,0.08167,0,0,0,0,0,0
"M0x30MCx2449",1.61404,3.61527,1.63997,2.74893,0.46116,0.06429,1.33482,0.35095,0.05946,0,1.35642,0,0.08632,0,0,0,0,0,0
"M0x30MCx2451",2.20556,0,0,0.3661,0,0,0.34784,1.19899,0.0026,0,9.61775,0,0.06487,0,0,0,0,0,0
"M0x30MCx2455",0.13244,2.61097,0.07747,0.19935,0.2197,0,0.02127,0.75117,0.14904,0,0.11797,0,0,0,0.0289,0,0,0,0
"M0x30MCx2480",0,12.71554,0,7.8097,1.23392,0,2.75447,1.9663,0.01335,0,0,0,0.14731,0,0,0,0,0,0
"M0x30MCx2497",0.47832,14.93423,1.83102,0.63715,0.24912,0,0.23052,0.46748,0.31638,0,0.09426,0,0.0461,0,0,0,0,0,0
"M0x30MCx2499",0,6.73567,0.59125,1.41991,0.47318,0.03442,0.32163,0.72963,0.00816,0,0.00102,0,0.03214,0,0,0,0,0,0
"M0x30MCx2501",0,5.60442,0,0.72128,0.15362,0,0.03612,0.23806,0.06128,0,0.77391,0,0.02728,0,0,0,0,0,0
"M0x30MCx2534",3.18643,8.92232,0,0.37026,0,0.17367,0.32282,0.24119,0.00918,0,0.06291,0.04542,0,0,0,0,0,0,0
"M0x30MCx2543",1.92527,5.54657,1.58687,1.25934,0.42006,0.01813,1.08205,0.55488,0.04802,0,8.48364,0,0.06165,0,0,0,0,0,0
"M0x30MCx2544",0,6.15565,0,4.49923,0.68943,0.00062,0.35232,0.71319,0.15636,0,0.65368,0,0.09547,0,0,0,0.00105,0.04772,0
"M0x30MCx2561",0.19567,4.82734,0,0.87387,0.58434,0.00095,0.07573,0.37753,0.12382,0,0.03246,0,0.04086,0,0,0,0,0,0
"M0x30MCx2565",0.50566,2.19967,0.02475,2.26546,0.36531,0,0.19577,1.01268,0.07921,0,13.32866,0,0.10713,0,0,0,0,0,0
"M0x30MCx2568",0.24679,4.39684,0,0.84339,0.17249,0.09293,0.01257,0.1725,0.09301,0,0,0,0.04633,0,0,0,0.0116,0,0
"M0x30MCx2661",2.27747,4.62848,0,1.27763,0.23188,0.00348,0.92759,0.55034,0.06662,0,0,0,0.09315,0,0,0,0,0,0
"M0x30MCx2675",0.89164,6.74864,0,0.2393,0.48012,0.00057,0.13675,1.19232,0.07469,0,2.93127,0,0.04313,0,0,0,0,0,0
"M0x30MCx2676",0,11.22848,0,0.67419,0.72804,0,0.24761,2.3045,0.27251,0,0.00552,0,0.07,0,0,0,0,0,0
"M0x30MCx2700",1.13439,2.51595,0.84974,0.2778,0.86074,0,0.14198,0.69189,0.0984,0,3.25862,0,0.00582,0,0,0,0,0,0
"M0x30MCx2708",0.20592,15.72794,0.26332,1.13802,0.46513,0,0.19626,0.70652,0.10974,0,0.15744,0,0.03001,0,0,0,0,0.00913,0
"M0x30MCx2751",2.96632,4.4846,0.06832,2.08721,0.33539,0.00702,1.21238,2.65194,0.28097,0,2.81336,0.0024,0.18143,0,0,0,0,0,0
"M0x30MCx2770",0,11.60222,0,0.64926,0.43963,0,0.11498,1.00083,0.05398,0,0.07767,0,0.02968,0,0,0,0.04607,0,0
"M0x30MCx2777",0.18072,5.16336,0,1.90886,1.83208,0.04576,0.10711,0.87275,0.77261,0,0.17862,0,0.03646,0,0,0,0,0,0
"M0x30MCx2790",0,5.06823,0.04385,0.83122,0.18213,0,0.03671,0.34695,0.41262,0,0.03566,0,0.02494,0,0,0,0.08418,0.02399,0
"M0x30MCx2826",0.35137,13.48327,0.48003,3.2979,0.42859,0,0.05174,0.63916,0.26627,0,0.37044,0,0.03573,0,0,0,0,0,0
"M0x30MCx2828",2.04797,4.30405,0.01554,0.90793,0.12785,0,0.30414,0.55367,0.16476,0,2.00152,0,0.06601,0,0,0,0,0,0
"M0x30MCx2851",0.76179,3.45113,1.79212,1.20854,0.34937,0,0.48945,0.30118,0.08394,0,1.81601,0,0.00243,0,0,0,0,0,0
"M0x30MCx2869",0,2.64885,0,0,0,0.04147,0.04912,0,0.06275,0,1.80991,0,0,0,0,0,0,0,0
"M0x30MCx2881",0.19608,3.39591,0,0.24796,0.1419,0.13394,0.12469,0.28065,0.01721,0,0,0.02156,0.0368,0,0,0,0,0,0
"M0x30MCx2900",0.39976,6.45896,0,0.80089,0.43233,0,0.17056,0.46949,0.35366,0,1.78807,0,0.03818,0,0,0,0,0,0
"M0x30MCx2911",0.28113,7.23197,1.09617,0.78193,0.92852,0,0.27343,0.49725,0.09775,0,0.68428,0,0.05993,0,0,0,0,0,0
"M0x30MCx2912",0,4.51573,0,0.21494,0.66849,0,0.54643,0.60136,0.13438,0,0,0,0.02974,0,0,0,0,0,0
"M0x30MCx2919",2.39284,2.09262,0,0.85433,0.07943,0,0.07116,0.43584,0.15562,0,2.71828,0,0.02203,0,0,0,0,0,0
"M0x30MCx2920",0.00471,2.93798,0,0.31329,0.22625,0,0.0251,0.52733,0.08037,0,0.00767,0,0.0234,0,0,0,0,0,0
"M0x30MCx2933",0.80818,3.11397,0.26281,0.76666,0.1281,0,0.51814,0,0.02237,0,0.00199,0.02892,0.10156,0,0,0,0,0,0
"M0x30MCx2966",0.48503,11.0394,0.04255,2.05292,0.19676,0.01355,1.09565,0,0.14567,0,0.21798,0,0.3328,0,0,0,0,0,0
"M0x30MCx2995",0.98385,8.72576,1.46231,0.91167,0.13735,0,0.04074,0.1397,0.06294,0,0.46407,0,0.01547,0,0.00137,0,0,0,0
"M0x30MCx3009",0,4.27692,3.51097,1.56529,0.93194,0.02143,1.26078,2.35872,0.30602,0,0,0,0,0,0,0,0,0,0
"M0x30MCx3023",3.2933,11.0653,0,1.6617,0.31135,0.02122,0.61176,0,0.3299,0,6.59769,0.00448,0.04012,0,0,0,0,0,0
"M0x30MCx3025",0.34965,0.57639,1.00811,0.00851,0.00242,0.07418,0.01224,0.08496,0,0,0.16197,0,0,0,0,0,0,0,0
"M0x30MCx3058",0.67946,1.28155,0,0.08488,0.17236,0.01746,0,0.15817,0.01104,0,0.04041,0,0.00587,0,0.10126,0,0,0,0
"M0x30MCx3061",2.65112,7.69267,0.00776,0.55535,0.31693,0.01236,0.28777,0.09054,0.03292,0,2.2847,0,0.05543,0,0,0,0,0,0
"M0x30MCx3068",3.72708,6.69785,0.3005,0.4284,0.35033,0.08188,0.57723,0.46917,0.0493,0,0.31067,0.00222,0.17036,0,0,0,0,0,0
"M0x30MCx3100",0.03156,4.5224,0,0.51907,0.19117,0.0097,0.07836,0.1076,0.01475,0,0.0084,0,0,0,0,0,0,0,0
"M0x30MCx3103",1.06952,7.94123,0,4.14691,0.36792,0,0.29299,0.19532,0.17019,0,0.02469,0,0.08748,0,0,0,0,0,0
"M0x30MCx3114",0.10994,4.33397,0,0.09753,0.17147,0,0.04205,0.33069,0.02984,0,0.02298,0,0.00601,0.02146,0.1211,0,0,0,0
"M0x30MCx3124",0.68095,8.81704,0,0.30758,0.2157,0,0.22024,0.47044,0.17325,0,0.30324,0,0.04351,0,0,0,0,0,0
"M0x30MCx3128",0.0687,1.23433,0.10143,1.22169,0.5369,0.00682,0.02227,0.65782,0.09396,0,0.13029,0,0.00717,0.02599,0,0,0,0,0
"M0x30MCx3140",1.30818,2.59536,3.11716,0.3177,0,0.03954,0.44169,0.73434,0.52788,0,0.67301,0.00954,0.01391,0,0.73636,0,0,0,0
"M0x30MCx3163",0,8.57132,2.47635,0.49127,0.50393,0,0.18585,0.6978,0.16764,0,0.20955,0.01262,0.07248,0,0,0,0,0,0
"M0x30MCx3195",0.36109,3.97267,0,1.53346,0,0.21476,0.07209,1.46352,0.31108,0,0.26151,0,0.10144,0,0,0,0,0,0
"M0x30MCx3204",0.43085,5.97318,0.25604,0.35447,0.34852,0.0191,0.06551,0.29104,0.03526,0,0.05581,0,0.02975,0,0,0,0,0,0
"M0x30MCx3209",1.05387,8.30185,0.07775,0.0389,0.02968,0,0.77473,0.95124,0.03989,0,0.19186,0,0.05638,0,0.3193,0,0,0,0
"M0x30MCx3213",0.63734,4.8912,0,0.64096,0.69417,0,0.21964,1.1472,0.13572,0,0.15967,0,0.02151,0,0,0,0,0,0
"M0x30MCx3214",0.90901,2.88171,0.13902,0.38038,0.19851,0.00549,0.26992,0.21132,0.08203,0,0.45155,0,0,0,0,0,0,0,0
"M0x30MCx3221",0.39561,5.90419,0.58807,0.61965,0.59626,0,0.14205,0.6753,0.03582,0,0.15565,0,0,0,0,0,0,0,0
"M0x30MCx3236",1.96189,7.64835,0,0.40886,0.31148,0.01966,0.11907,0.33125,0.05569,0,0.39709,0,0.03946,0.01169,0,0,0,0,0
"M0x30MCx3243",0.0408,2.62392,0.05879,0.11167,0.0915,0,0.12557,0.4524,0.00993,0,0.02345,0,0.01264,0,0,0,0,0,0
"M0x30MCx3245",2.90364,8.22903,2.1935,0.78619,0.4582,0,0.17167,0.47102,0.02397,0,0.49489,0,0.04659,0,0,0,0,0,0
"M0x30MCx3250",1.31123,17.94968,0.04846,1.66384,0.22741,0.00155,0.32541,0.11103,0.04016,0,1.1569,0,0.04511,0,0,0,0,0,0
"M0x30MCx3257",0.06041,3.36861,0.24726,3.53309,0.22265,0,0.42021,0.86543,1.07701,0,0.15183,0,0,0,0.29216,0.1067,0,0,0
"M0x30MCx3263",0,9.46999,0,0.37471,0.15329,0.003,0.76679,0,0.20637,0,0.94396,0,0.0528,0,0,0,0,0,0
"M0x30MCx3301",0,4.02724,12.08872,0,1.40932,0.02284,0.11526,0,0,0.05555,0.06305,0.11383,0.25534,0,0,0,0,0,0
"M0x30MCx3362",0,4.30752,0,0.454,0.53435,0.01831,0.12124,0.57798,0.15522,0,0.04515,0,0.02924,0,0,0,0,0,0
"M0x30MCx3364",0.33467,2.20971,0.06079,0.24739,0.31479,0.05241,0.08635,1.37344,0.02156,0,0.02511,0,0.01419,0,0.59707,0,0.00544,0,0
"M0x30MCx3366",0.9256,3.18752,0.049,0.11657,0.27733,0.01987,0.14888,2.00562,0.15321,0,4.57592,0,0.01781,0,0,0,0.05512,0,0
"M0x30MCx3369",0.02648,7.26852,0.97135,0.4829,0.19993,0,0.04337,0.34429,0.02992,0,0.25372,0,0.07006,0,0,0,0,0,0
"M0x30MCx3376",2.20911,16.62269,0,0.69991,0.74117,0.02696,0.05827,0.19361,0.01847,0,1.2185,0,0.02152,0,0,0,0,0,0
"M0x30MCx3379",0.70168,10.30623,0.27509,0.74525,0.25064,0.0094,0.07161,0,0.25999,0,0.19433,0,0.0936,0,0,0,0,0,0
"M0x30MCx3384",0.0034,3.0024,0,0.01631,0.078,0,0,0.25886,0.00711,0,0,0,0,0.00511,0,0,0,0,0
